2025-03-28 14:25:52,220 - INFO - Logging configured to file: logs/ragent_20250328_142552.log
2025-03-28 14:26:23,906 - INFO - ℹ️  INFO - New chat session starting
2025-03-28 14:26:23,906 - INFO - ℹ️  INFO - Created user_id: bbad68c5-c383-4d39-9354-6abda648b9b9, session_id: c252a4a1-bcb3-4472-8a2f-72f0c2e6299f
2025-03-28 14:26:23,906 - INFO - ℹ️  INFO - Forced token refresh for RX Supervisor on session start
2025-03-28 14:26:23,908 - INFO - ℹ️  INFO - Chat session started successfully
2025-03-28 14:26:23,910 - INFO - ℹ️  INFO - Initialized sidebar with empty progress bar
2025-03-28 14:26:23,910 - INFO - ℹ️  INFO - Started background task for updating task statistics
2025-03-28 14:26:23,910 - INFO - ℹ️  INFO - Fetching task stats... for session: c252a4a1-bcb3-4472-8a2f-72f0c2e6299f
2025-03-28 14:26:23,942 - INFO - ℹ️  INFO - Received task stats response: {"code":0,"data":{"completion_percentage":0,"done":0,"failed":0,"list_failed":null,"list_result_done":[],"pending":0,"queue_size":100,"total_tasks":0}}
2025-03-28 14:26:30,945 - INFO - ℹ️  INFO - Updated task stats
2025-03-28 14:26:30,945 - INFO - ℹ️  INFO - Fetching task stats... for session: c252a4a1-bcb3-4472-8a2f-72f0c2e6299f
2025-03-28 14:26:30,960 - INFO - ℹ️  INFO - Received task stats response: {"code":0,"data":{"completion_percentage":0,"done":0,"failed":0,"list_failed":null,"list_result_done":[],"pending":0,"queue_size":100,"total_tasks":0}}
2025-03-28 14:26:37,962 - INFO - ℹ️  INFO - Updated task stats
2025-03-28 14:26:37,962 - INFO - ℹ️  INFO - Fetching task stats... for session: c252a4a1-bcb3-4472-8a2f-72f0c2e6299f
2025-03-28 14:26:37,984 - INFO - ℹ️  INFO - Received task stats response: {"code":0,"data":{"completion_percentage":0,"done":0,"failed":0,"list_failed":null,"list_result_done":[],"pending":0,"queue_size":100,"total_tasks":0}}
2025-03-28 14:26:41,382 - INFO - ℹ️  INFO - New chat session starting
2025-03-28 14:26:41,382 - INFO - ℹ️  INFO - Created user_id: 9fde51a0-eb83-4683-bb1f-1381b4584050, session_id: 30bac701-4831-4764-bf14-4860906b51c1
2025-03-28 14:26:41,382 - INFO - ℹ️  INFO - Forced token refresh for RX Supervisor on session start
2025-03-28 14:26:41,384 - INFO - ℹ️  INFO - Chat session started successfully
2025-03-28 14:26:41,385 - INFO - ℹ️  INFO - Initialized sidebar with empty progress bar
2025-03-28 14:26:41,385 - INFO - ℹ️  INFO - Started background task for updating task statistics
2025-03-28 14:26:41,385 - INFO - ℹ️  INFO - Fetching task stats... for session: 30bac701-4831-4764-bf14-4860906b51c1
2025-03-28 14:26:41,429 - INFO - ℹ️  INFO - Received task stats response: {"code":0,"data":{"completion_percentage":0,"done":0,"failed":0,"list_failed":null,"list_result_done":[],"pending":0,"queue_size":100,"total_tasks":0}}
2025-03-28 14:26:44,986 - INFO - ℹ️  INFO - Updated task stats
2025-03-28 14:26:44,986 - INFO - ℹ️  INFO - Fetching task stats... for session: c252a4a1-bcb3-4472-8a2f-72f0c2e6299f
2025-03-28 14:26:45,003 - INFO - ℹ️  INFO - Received task stats response: {"code":0,"data":{"completion_percentage":0,"done":0,"failed":0,"list_failed":null,"list_result_done":[],"pending":0,"queue_size":100,"total_tasks":0}}
2025-03-28 14:26:48,432 - INFO - ℹ️  INFO - Updated task stats
2025-03-28 14:26:48,432 - INFO - ℹ️  INFO - Fetching task stats... for session: 30bac701-4831-4764-bf14-4860906b51c1
2025-03-28 14:26:48,452 - INFO - ℹ️  INFO - Received task stats response: {"code":0,"data":{"completion_percentage":0,"done":0,"failed":0,"list_failed":null,"list_result_done":[],"pending":0,"queue_size":100,"total_tasks":0}}
2025-03-28 14:26:52,006 - INFO - ℹ️  INFO - Updated task stats
2025-03-28 14:26:52,007 - INFO - ℹ️  INFO - Fetching task stats... for session: c252a4a1-bcb3-4472-8a2f-72f0c2e6299f
2025-03-28 14:26:52,024 - INFO - ℹ️  INFO - Received task stats response: {"code":0,"data":{"completion_percentage":0,"done":0,"failed":0,"list_failed":null,"list_result_done":[],"pending":0,"queue_size":100,"total_tasks":0}}
2025-03-28 14:26:55,454 - INFO - ℹ️  INFO - Updated task stats
2025-03-28 14:26:55,454 - INFO - ℹ️  INFO - Fetching task stats... for session: 30bac701-4831-4764-bf14-4860906b51c1
2025-03-28 14:26:55,472 - INFO - ℹ️  INFO - Received task stats response: {"code":0,"data":{"completion_percentage":0,"done":0,"failed":0,"list_failed":null,"list_result_done":[],"pending":0,"queue_size":100,"total_tasks":0}}
2025-03-28 14:26:59,027 - INFO - ℹ️  INFO - Updated task stats
2025-03-28 14:26:59,027 - INFO - ℹ️  INFO - Fetching task stats... for session: c252a4a1-bcb3-4472-8a2f-72f0c2e6299f
2025-03-28 14:26:59,048 - INFO - ℹ️  INFO - Received task stats response: {"code":0,"data":{"completion_percentage":0,"done":0,"failed":0,"list_failed":null,"list_result_done":[],"pending":0,"queue_size":100,"total_tasks":0}}
2025-03-28 14:27:02,475 - INFO - ℹ️  INFO - Updated task stats
2025-03-28 14:27:02,475 - INFO - ℹ️  INFO - Fetching task stats... for session: 30bac701-4831-4764-bf14-4860906b51c1
2025-03-28 14:27:02,500 - INFO - ℹ️  INFO - Received task stats response: {"code":0,"data":{"completion_percentage":0,"done":0,"failed":0,"list_failed":null,"list_result_done":[],"pending":0,"queue_size":100,"total_tasks":0}}
2025-03-28 14:27:06,050 - INFO - ℹ️  INFO - Updated task stats
2025-03-28 14:27:06,050 - INFO - ℹ️  INFO - Fetching task stats... for session: c252a4a1-bcb3-4472-8a2f-72f0c2e6299f
2025-03-28 14:27:06,066 - INFO - ℹ️  INFO - Received task stats response: {"code":0,"data":{"completion_percentage":0,"done":0,"failed":0,"list_failed":null,"list_result_done":[],"pending":0,"queue_size":100,"total_tasks":0}}
2025-03-28 14:27:09,502 - INFO - ℹ️  INFO - Updated task stats
2025-03-28 14:27:09,502 - INFO - ℹ️  INFO - Fetching task stats... for session: 30bac701-4831-4764-bf14-4860906b51c1
2025-03-28 14:27:09,521 - INFO - ℹ️  INFO - Received task stats response: {"code":0,"data":{"completion_percentage":0,"done":0,"failed":0,"list_failed":null,"list_result_done":[],"pending":0,"queue_size":100,"total_tasks":0}}
2025-03-28 14:27:13,069 - INFO - ℹ️  INFO - Updated task stats
2025-03-28 14:27:13,069 - INFO - ℹ️  INFO - Fetching task stats... for session: c252a4a1-bcb3-4472-8a2f-72f0c2e6299f
2025-03-28 14:27:13,085 - INFO - ℹ️  INFO - Received task stats response: {"code":0,"data":{"completion_percentage":0,"done":0,"failed":0,"list_failed":null,"list_result_done":[],"pending":0,"queue_size":100,"total_tasks":0}}
2025-03-28 14:27:16,524 - INFO - ℹ️  INFO - Updated task stats
2025-03-28 14:27:16,524 - INFO - ℹ️  INFO - Fetching task stats... for session: 30bac701-4831-4764-bf14-4860906b51c1
2025-03-28 14:27:16,553 - INFO - ℹ️  INFO - Received task stats response: {"code":0,"data":{"completion_percentage":0,"done":0,"failed":0,"list_failed":null,"list_result_done":[],"pending":0,"queue_size":100,"total_tasks":0}}
2025-03-28 14:27:20,088 - INFO - ℹ️  INFO - Updated task stats
2025-03-28 14:27:20,088 - INFO - ℹ️  INFO - Fetching task stats... for session: c252a4a1-bcb3-4472-8a2f-72f0c2e6299f
2025-03-28 14:27:20,108 - INFO - ℹ️  INFO - Received task stats response: {"code":0,"data":{"completion_percentage":0,"done":0,"failed":0,"list_failed":null,"list_result_done":[],"pending":0,"queue_size":100,"total_tasks":0}}
2025-03-28 14:27:23,556 - INFO - ℹ️  INFO - Updated task stats
2025-03-28 14:27:23,556 - INFO - ℹ️  INFO - Fetching task stats... for session: 30bac701-4831-4764-bf14-4860906b51c1
2025-03-28 14:27:23,577 - INFO - ℹ️  INFO - Received task stats response: {"code":0,"data":{"completion_percentage":0,"done":0,"failed":0,"list_failed":null,"list_result_done":[],"pending":0,"queue_size":100,"total_tasks":0}}
2025-03-28 14:27:27,112 - INFO - ℹ️  INFO - Updated task stats
2025-03-28 14:27:27,112 - INFO - ℹ️  INFO - Fetching task stats... for session: c252a4a1-bcb3-4472-8a2f-72f0c2e6299f
2025-03-28 14:27:27,134 - INFO - ℹ️  INFO - Received task stats response: {"code":0,"data":{"completion_percentage":0,"done":0,"failed":0,"list_failed":null,"list_result_done":[],"pending":0,"queue_size":100,"total_tasks":0}}
2025-03-28 14:27:30,580 - INFO - ℹ️  INFO - Updated task stats
2025-03-28 14:27:30,580 - INFO - ℹ️  INFO - Fetching task stats... for session: 30bac701-4831-4764-bf14-4860906b51c1
2025-03-28 14:27:30,601 - INFO - ℹ️  INFO - Received task stats response: {"code":0,"data":{"completion_percentage":0,"done":0,"failed":0,"list_failed":null,"list_result_done":[],"pending":0,"queue_size":100,"total_tasks":0}}
2025-03-28 14:27:34,135 - INFO - ℹ️  INFO - Updated task stats
2025-03-28 14:27:34,136 - INFO - ℹ️  INFO - Fetching task stats... for session: c252a4a1-bcb3-4472-8a2f-72f0c2e6299f
2025-03-28 14:27:34,156 - INFO - ℹ️  INFO - Received task stats response: {"code":0,"data":{"completion_percentage":0,"done":0,"failed":0,"list_failed":null,"list_result_done":[],"pending":0,"queue_size":100,"total_tasks":0}}
2025-03-28 14:27:37,603 - INFO - ℹ️  INFO - Updated task stats
2025-03-28 14:27:37,603 - INFO - ℹ️  INFO - Fetching task stats... for session: 30bac701-4831-4764-bf14-4860906b51c1
2025-03-28 14:27:37,622 - INFO - ℹ️  INFO - Received task stats response: {"code":0,"data":{"completion_percentage":0,"done":0,"failed":0,"list_failed":null,"list_result_done":[],"pending":0,"queue_size":100,"total_tasks":0}}
2025-03-28 14:27:41,157 - INFO - ℹ️  INFO - Updated task stats
2025-03-28 14:27:41,157 - INFO - ℹ️  INFO - Fetching task stats... for session: c252a4a1-bcb3-4472-8a2f-72f0c2e6299f
2025-03-28 14:27:41,174 - INFO - ℹ️  INFO - Received task stats response: {"code":0,"data":{"completion_percentage":0,"done":0,"failed":0,"list_failed":null,"list_result_done":[],"pending":0,"queue_size":100,"total_tasks":0}}
2025-03-28 14:27:44,624 - INFO - ℹ️  INFO - Updated task stats
2025-03-28 14:27:44,624 - INFO - ℹ️  INFO - Fetching task stats... for session: 30bac701-4831-4764-bf14-4860906b51c1
2025-03-28 14:27:44,648 - INFO - ℹ️  INFO - Received task stats response: {"code":0,"data":{"completion_percentage":0,"done":0,"failed":0,"list_failed":null,"list_result_done":[],"pending":0,"queue_size":100,"total_tasks":0}}
2025-03-28 14:27:48,178 - INFO - ℹ️  INFO - Updated task stats
2025-03-28 14:27:48,178 - INFO - ℹ️  INFO - Fetching task stats... for session: c252a4a1-bcb3-4472-8a2f-72f0c2e6299f
2025-03-28 14:27:48,197 - INFO - ℹ️  INFO - Received task stats response: {"code":0,"data":{"completion_percentage":0,"done":0,"failed":0,"list_failed":null,"list_result_done":[],"pending":0,"queue_size":100,"total_tasks":0}}
2025-03-28 14:27:51,651 - INFO - ℹ️  INFO - Updated task stats
2025-03-28 14:27:51,651 - INFO - ℹ️  INFO - Fetching task stats... for session: 30bac701-4831-4764-bf14-4860906b51c1
2025-03-28 14:27:51,676 - INFO - ℹ️  INFO - Received task stats response: {"code":0,"data":{"completion_percentage":0,"done":0,"failed":0,"list_failed":null,"list_result_done":[],"pending":0,"queue_size":100,"total_tasks":0}}
2025-03-28 14:27:55,200 - INFO - ℹ️  INFO - Updated task stats
2025-03-28 14:27:55,200 - INFO - ℹ️  INFO - Fetching task stats... for session: c252a4a1-bcb3-4472-8a2f-72f0c2e6299f
2025-03-28 14:27:55,216 - INFO - ℹ️  INFO - Received task stats response: {"code":0,"data":{"completion_percentage":0,"done":0,"failed":0,"list_failed":null,"list_result_done":[],"pending":0,"queue_size":100,"total_tasks":0}}
2025-03-28 14:27:58,680 - INFO - ℹ️  INFO - Updated task stats
2025-03-28 14:27:58,680 - INFO - ℹ️  INFO - Fetching task stats... for session: 30bac701-4831-4764-bf14-4860906b51c1
2025-03-28 14:27:58,699 - INFO - ℹ️  INFO - Received task stats response: {"code":0,"data":{"completion_percentage":0,"done":0,"failed":0,"list_failed":null,"list_result_done":[],"pending":0,"queue_size":100,"total_tasks":0}}
2025-03-28 14:28:00,647 - INFO - ℹ️  INFO - New chat session starting
2025-03-28 14:28:00,647 - INFO - ℹ️  INFO - Created user_id: 1cbd246b-64b8-48d4-8427-cdb374eb0eca, session_id: 0f223d26-cc48-468a-b82b-7f1fc8d5559e
2025-03-28 14:28:00,647 - INFO - ℹ️  INFO - Forced token refresh for RX Supervisor on session start
2025-03-28 14:28:00,649 - INFO - ℹ️  INFO - Chat session started successfully
2025-03-28 14:28:00,651 - INFO - ℹ️  INFO - Initialized sidebar with empty progress bar
2025-03-28 14:28:00,651 - INFO - ℹ️  INFO - Started background task for updating task statistics
2025-03-28 14:28:00,651 - INFO - ℹ️  INFO - Fetching task stats... for session: 0f223d26-cc48-468a-b82b-7f1fc8d5559e
2025-03-28 14:28:00,686 - INFO - ℹ️  INFO - Received task stats response: {"code":0,"data":{"completion_percentage":0,"done":0,"failed":0,"list_failed":null,"list_result_done":[],"pending":0,"queue_size":100,"total_tasks":0}}
2025-03-28 14:28:02,219 - INFO - ℹ️  INFO - Updated task stats
2025-03-28 14:28:02,219 - INFO - ℹ️  INFO - Fetching task stats... for session: c252a4a1-bcb3-4472-8a2f-72f0c2e6299f
2025-03-28 14:28:02,237 - INFO - ℹ️  INFO - Received task stats response: {"code":0,"data":{"completion_percentage":0,"done":0,"failed":0,"list_failed":null,"list_result_done":[],"pending":0,"queue_size":100,"total_tasks":0}}
2025-03-28 14:28:05,702 - INFO - ℹ️  INFO - Updated task stats
2025-03-28 14:28:05,702 - INFO - ℹ️  INFO - Fetching task stats... for session: 30bac701-4831-4764-bf14-4860906b51c1
2025-03-28 14:28:05,722 - INFO - ℹ️  INFO - Received task stats response: {"code":0,"data":{"completion_percentage":0,"done":0,"failed":0,"list_failed":null,"list_result_done":[],"pending":0,"queue_size":100,"total_tasks":0}}
2025-03-28 14:28:07,687 - INFO - ℹ️  INFO - Updated task stats
2025-03-28 14:28:07,688 - INFO - ℹ️  INFO - Fetching task stats... for session: 0f223d26-cc48-468a-b82b-7f1fc8d5559e
2025-03-28 14:28:07,704 - INFO - ℹ️  INFO - Received task stats response: {"code":0,"data":{"completion_percentage":0,"done":0,"failed":0,"list_failed":null,"list_result_done":[],"pending":0,"queue_size":100,"total_tasks":0}}
2025-03-28 14:28:09,239 - INFO - ℹ️  INFO - Updated task stats
2025-03-28 14:28:09,240 - INFO - ℹ️  INFO - Fetching task stats... for session: c252a4a1-bcb3-4472-8a2f-72f0c2e6299f
2025-03-28 14:28:09,262 - INFO - ℹ️  INFO - Received task stats response: {"code":0,"data":{"completion_percentage":0,"done":0,"failed":0,"list_failed":null,"list_result_done":[],"pending":0,"queue_size":100,"total_tasks":0}}
2025-03-28 14:28:12,724 - INFO - ℹ️  INFO - Updated task stats
2025-03-28 14:28:12,724 - INFO - ℹ️  INFO - Fetching task stats... for session: 30bac701-4831-4764-bf14-4860906b51c1
2025-03-28 14:28:12,745 - INFO - ℹ️  INFO - Received task stats response: {"code":0,"data":{"completion_percentage":0,"done":0,"failed":0,"list_failed":null,"list_result_done":[],"pending":0,"queue_size":100,"total_tasks":0}}
2025-03-28 14:28:14,707 - INFO - ℹ️  INFO - Updated task stats
2025-03-28 14:28:14,707 - INFO - ℹ️  INFO - Fetching task stats... for session: 0f223d26-cc48-468a-b82b-7f1fc8d5559e
2025-03-28 14:28:14,725 - INFO - ℹ️  INFO - Received task stats response: {"code":0,"data":{"completion_percentage":0,"done":0,"failed":0,"list_failed":null,"list_result_done":[],"pending":0,"queue_size":100,"total_tasks":0}}
2025-03-28 14:28:16,263 - INFO - ℹ️  INFO - Updated task stats
2025-03-28 14:28:16,264 - INFO - ℹ️  INFO - Fetching task stats... for session: c252a4a1-bcb3-4472-8a2f-72f0c2e6299f
2025-03-28 14:28:16,279 - INFO - ℹ️  INFO - Received task stats response: {"code":0,"data":{"completion_percentage":0,"done":0,"failed":0,"list_failed":null,"list_result_done":[],"pending":0,"queue_size":100,"total_tasks":0}}
2025-03-28 14:28:19,747 - INFO - ℹ️  INFO - Updated task stats
2025-03-28 14:28:19,747 - INFO - ℹ️  INFO - Fetching task stats... for session: 30bac701-4831-4764-bf14-4860906b51c1
2025-03-28 14:28:19,764 - INFO - ℹ️  INFO - Received task stats response: {"code":0,"data":{"completion_percentage":0,"done":0,"failed":0,"list_failed":null,"list_result_done":[],"pending":0,"queue_size":100,"total_tasks":0}}
2025-03-28 14:28:21,727 - INFO - ℹ️  INFO - Updated task stats
2025-03-28 14:28:21,727 - INFO - ℹ️  INFO - Fetching task stats... for session: 0f223d26-cc48-468a-b82b-7f1fc8d5559e
2025-03-28 14:28:21,749 - INFO - ℹ️  INFO - Received task stats response: {"code":0,"data":{"completion_percentage":0,"done":0,"failed":0,"list_failed":null,"list_result_done":[],"pending":0,"queue_size":100,"total_tasks":0}}
2025-03-28 14:28:23,281 - INFO - ℹ️  INFO - Updated task stats
2025-03-28 14:28:23,282 - INFO - ℹ️  INFO - Fetching task stats... for session: c252a4a1-bcb3-4472-8a2f-72f0c2e6299f
2025-03-28 14:28:23,298 - INFO - ℹ️  INFO - Received task stats response: {"code":0,"data":{"completion_percentage":0,"done":0,"failed":0,"list_failed":null,"list_result_done":[],"pending":0,"queue_size":100,"total_tasks":0}}
2025-03-28 14:28:26,767 - INFO - ℹ️  INFO - Updated task stats
2025-03-28 14:28:26,767 - INFO - ℹ️  INFO - Fetching task stats... for session: 30bac701-4831-4764-bf14-4860906b51c1
2025-03-28 14:28:26,790 - INFO - ℹ️  INFO - Received task stats response: {"code":0,"data":{"completion_percentage":0,"done":0,"failed":0,"list_failed":null,"list_result_done":[],"pending":0,"queue_size":100,"total_tasks":0}}
2025-03-28 14:28:28,752 - INFO - ℹ️  INFO - Updated task stats
2025-03-28 14:28:28,752 - INFO - ℹ️  INFO - Fetching task stats... for session: 0f223d26-cc48-468a-b82b-7f1fc8d5559e
2025-03-28 14:28:28,769 - INFO - ℹ️  INFO - Received task stats response: {"code":0,"data":{"completion_percentage":0,"done":0,"failed":0,"list_failed":null,"list_result_done":[],"pending":0,"queue_size":100,"total_tasks":0}}
2025-03-28 14:28:30,300 - INFO - ℹ️  INFO - Updated task stats
2025-03-28 14:28:30,300 - INFO - ℹ️  INFO - Fetching task stats... for session: c252a4a1-bcb3-4472-8a2f-72f0c2e6299f
2025-03-28 14:28:30,317 - INFO - ℹ️  INFO - Received task stats response: {"code":0,"data":{"completion_percentage":0,"done":0,"failed":0,"list_failed":null,"list_result_done":[],"pending":0,"queue_size":100,"total_tasks":0}}
2025-03-28 14:28:33,792 - INFO - ℹ️  INFO - Updated task stats
2025-03-28 14:28:33,792 - INFO - ℹ️  INFO - Fetching task stats... for session: 30bac701-4831-4764-bf14-4860906b51c1
2025-03-28 14:28:33,812 - INFO - ℹ️  INFO - Received task stats response: {"code":0,"data":{"completion_percentage":0,"done":0,"failed":0,"list_failed":null,"list_result_done":[],"pending":0,"queue_size":100,"total_tasks":0}}
2025-03-28 14:28:35,772 - INFO - ℹ️  INFO - Updated task stats
2025-03-28 14:28:35,772 - INFO - ℹ️  INFO - Fetching task stats... for session: 0f223d26-cc48-468a-b82b-7f1fc8d5559e
2025-03-28 14:28:35,796 - INFO - ℹ️  INFO - Received task stats response: {"code":0,"data":{"completion_percentage":0,"done":0,"failed":0,"list_failed":null,"list_result_done":[],"pending":0,"queue_size":100,"total_tasks":0}}
2025-03-28 14:28:37,320 - INFO - ℹ️  INFO - Updated task stats
2025-03-28 14:28:37,320 - INFO - ℹ️  INFO - Fetching task stats... for session: c252a4a1-bcb3-4472-8a2f-72f0c2e6299f
2025-03-28 14:28:37,335 - INFO - ℹ️  INFO - Received task stats response: {"code":0,"data":{"completion_percentage":0,"done":0,"failed":0,"list_failed":null,"list_result_done":[],"pending":0,"queue_size":100,"total_tasks":0}}
2025-03-28 14:28:40,814 - INFO - ℹ️  INFO - Updated task stats
2025-03-28 14:28:40,814 - INFO - ℹ️  INFO - Fetching task stats... for session: 30bac701-4831-4764-bf14-4860906b51c1
2025-03-28 14:28:40,832 - INFO - ℹ️  INFO - Received task stats response: {"code":0,"data":{"completion_percentage":0,"done":0,"failed":0,"list_failed":null,"list_result_done":[],"pending":0,"queue_size":100,"total_tasks":0}}
2025-03-28 14:28:42,799 - INFO - ℹ️  INFO - Updated task stats
2025-03-28 14:28:42,799 - INFO - ℹ️  INFO - Fetching task stats... for session: 0f223d26-cc48-468a-b82b-7f1fc8d5559e
2025-03-28 14:28:42,817 - INFO - ℹ️  INFO - Received task stats response: {"code":0,"data":{"completion_percentage":0,"done":0,"failed":0,"list_failed":null,"list_result_done":[],"pending":0,"queue_size":100,"total_tasks":0}}
2025-03-28 14:28:44,338 - INFO - ℹ️  INFO - Updated task stats
2025-03-28 14:28:44,338 - INFO - ℹ️  INFO - Fetching task stats... for session: c252a4a1-bcb3-4472-8a2f-72f0c2e6299f
2025-03-28 14:28:44,359 - INFO - ℹ️  INFO - Received task stats response: {"code":0,"data":{"completion_percentage":0,"done":0,"failed":0,"list_failed":null,"list_result_done":[],"pending":0,"queue_size":100,"total_tasks":0}}
2025-03-28 14:28:47,836 - INFO - ℹ️  INFO - Updated task stats
2025-03-28 14:28:47,836 - INFO - ℹ️  INFO - Fetching task stats... for session: 30bac701-4831-4764-bf14-4860906b51c1
2025-03-28 14:28:47,861 - INFO - ℹ️  INFO - Received task stats response: {"code":0,"data":{"completion_percentage":0,"done":0,"failed":0,"list_failed":null,"list_result_done":[],"pending":0,"queue_size":100,"total_tasks":0}}
2025-03-28 14:28:49,819 - INFO - ℹ️  INFO - Updated task stats
2025-03-28 14:28:49,820 - INFO - ℹ️  INFO - Fetching task stats... for session: 0f223d26-cc48-468a-b82b-7f1fc8d5559e
2025-03-28 14:28:49,837 - INFO - ℹ️  INFO - Received task stats response: {"code":0,"data":{"completion_percentage":0,"done":0,"failed":0,"list_failed":null,"list_result_done":[],"pending":0,"queue_size":100,"total_tasks":0}}
2025-03-28 14:28:51,361 - INFO - ℹ️  INFO - Updated task stats
2025-03-28 14:28:51,362 - INFO - ℹ️  INFO - Fetching task stats... for session: c252a4a1-bcb3-4472-8a2f-72f0c2e6299f
2025-03-28 14:28:51,377 - INFO - ℹ️  INFO - Received task stats response: {"code":0,"data":{"completion_percentage":0,"done":0,"failed":0,"list_failed":null,"list_result_done":[],"pending":0,"queue_size":100,"total_tasks":0}}
2025-03-28 14:28:54,864 - INFO - ℹ️  INFO - Updated task stats
2025-03-28 14:28:54,864 - INFO - ℹ️  INFO - Fetching task stats... for session: 30bac701-4831-4764-bf14-4860906b51c1
2025-03-28 14:28:54,899 - INFO - ℹ️  INFO - Received task stats response: {"code":0,"data":{"completion_percentage":0,"done":0,"failed":0,"list_failed":null,"list_result_done":[],"pending":0,"queue_size":100,"total_tasks":0}}
2025-03-28 14:28:56,840 - INFO - ℹ️  INFO - Updated task stats
2025-03-28 14:28:56,840 - INFO - ℹ️  INFO - Fetching task stats... for session: 0f223d26-cc48-468a-b82b-7f1fc8d5559e
2025-03-28 14:28:56,855 - INFO - ℹ️  INFO - Received task stats response: {"code":0,"data":{"completion_percentage":0,"done":0,"failed":0,"list_failed":null,"list_result_done":[],"pending":0,"queue_size":100,"total_tasks":0}}
2025-03-28 14:28:58,380 - INFO - ℹ️  INFO - Updated task stats
2025-03-28 14:28:58,380 - INFO - ℹ️  INFO - Fetching task stats... for session: c252a4a1-bcb3-4472-8a2f-72f0c2e6299f
2025-03-28 14:28:58,401 - INFO - ℹ️  INFO - Received task stats response: {"code":0,"data":{"completion_percentage":0,"done":0,"failed":0,"list_failed":null,"list_result_done":[],"pending":0,"queue_size":100,"total_tasks":0}}
2025-03-28 14:29:01,901 - INFO - ℹ️  INFO - Updated task stats
2025-03-28 14:29:01,901 - INFO - ℹ️  INFO - Fetching task stats... for session: 30bac701-4831-4764-bf14-4860906b51c1
2025-03-28 14:29:01,938 - INFO - ℹ️  INFO - Received task stats response: {"code":0,"data":{"completion_percentage":0,"done":0,"failed":0,"list_failed":null,"list_result_done":[],"pending":0,"queue_size":100,"total_tasks":0}}
2025-03-28 14:29:03,858 - INFO - ℹ️  INFO - Updated task stats
2025-03-28 14:29:03,858 - INFO - ℹ️  INFO - Fetching task stats... for session: 0f223d26-cc48-468a-b82b-7f1fc8d5559e
2025-03-28 14:29:03,879 - INFO - ℹ️  INFO - Received task stats response: {"code":0,"data":{"completion_percentage":0,"done":0,"failed":0,"list_failed":null,"list_result_done":[],"pending":0,"queue_size":100,"total_tasks":0}}
2025-03-28 14:29:05,403 - INFO - ℹ️  INFO - Updated task stats
2025-03-28 14:29:05,403 - INFO - ℹ️  INFO - Fetching task stats... for session: c252a4a1-bcb3-4472-8a2f-72f0c2e6299f
2025-03-28 14:29:05,423 - INFO - ℹ️  INFO - Received task stats response: {"code":0,"data":{"completion_percentage":0,"done":0,"failed":0,"list_failed":null,"list_result_done":[],"pending":0,"queue_size":100,"total_tasks":0}}
2025-03-28 14:29:08,941 - INFO - ℹ️  INFO - Updated task stats
2025-03-28 14:29:08,941 - INFO - ℹ️  INFO - Fetching task stats... for session: 30bac701-4831-4764-bf14-4860906b51c1
2025-03-28 14:29:08,960 - INFO - ℹ️  INFO - Received task stats response: {"code":0,"data":{"completion_percentage":0,"done":0,"failed":0,"list_failed":null,"list_result_done":[],"pending":0,"queue_size":100,"total_tasks":0}}
2025-03-28 14:29:10,881 - INFO - ℹ️  INFO - Updated task stats
2025-03-28 14:29:10,882 - INFO - ℹ️  INFO - Fetching task stats... for session: 0f223d26-cc48-468a-b82b-7f1fc8d5559e
2025-03-28 14:29:10,908 - INFO - ℹ️  INFO - Received task stats response: {"code":0,"data":{"completion_percentage":0,"done":0,"failed":0,"list_failed":null,"list_result_done":[],"pending":0,"queue_size":100,"total_tasks":0}}
2025-03-28 14:29:12,424 - INFO - ℹ️  INFO - Updated task stats
2025-03-28 14:29:12,425 - INFO - ℹ️  INFO - Fetching task stats... for session: c252a4a1-bcb3-4472-8a2f-72f0c2e6299f
2025-03-28 14:29:12,441 - INFO - ℹ️  INFO - Received task stats response: {"code":0,"data":{"completion_percentage":0,"done":0,"failed":0,"list_failed":null,"list_result_done":[],"pending":0,"queue_size":100,"total_tasks":0}}
2025-03-28 14:29:15,963 - INFO - ℹ️  INFO - Updated task stats
2025-03-28 14:29:15,963 - INFO - ℹ️  INFO - Fetching task stats... for session: 30bac701-4831-4764-bf14-4860906b51c1
2025-03-28 14:29:15,984 - INFO - ℹ️  INFO - Received task stats response: {"code":0,"data":{"completion_percentage":0,"done":0,"failed":0,"list_failed":null,"list_result_done":[],"pending":0,"queue_size":100,"total_tasks":0}}
2025-03-28 14:29:17,910 - INFO - ℹ️  INFO - Updated task stats
2025-03-28 14:29:17,910 - INFO - ℹ️  INFO - Fetching task stats... for session: 0f223d26-cc48-468a-b82b-7f1fc8d5559e
2025-03-28 14:29:17,931 - INFO - ℹ️  INFO - Received task stats response: {"code":0,"data":{"completion_percentage":0,"done":0,"failed":0,"list_failed":null,"list_result_done":[],"pending":0,"queue_size":100,"total_tasks":0}}
2025-03-28 14:29:19,443 - INFO - ℹ️  INFO - Updated task stats
2025-03-28 14:29:19,443 - INFO - ℹ️  INFO - Fetching task stats... for session: c252a4a1-bcb3-4472-8a2f-72f0c2e6299f
2025-03-28 14:29:19,464 - INFO - ℹ️  INFO - Received task stats response: {"code":0,"data":{"completion_percentage":0,"done":0,"failed":0,"list_failed":null,"list_result_done":[],"pending":0,"queue_size":100,"total_tasks":0}}
2025-03-28 14:29:22,987 - INFO - ℹ️  INFO - Updated task stats
2025-03-28 14:29:22,987 - INFO - ℹ️  INFO - Fetching task stats... for session: 30bac701-4831-4764-bf14-4860906b51c1
2025-03-28 14:29:23,010 - INFO - ℹ️  INFO - Received task stats response: {"code":0,"data":{"completion_percentage":0,"done":0,"failed":0,"list_failed":null,"list_result_done":[],"pending":0,"queue_size":100,"total_tasks":0}}
2025-03-28 14:29:24,934 - INFO - ℹ️  INFO - Updated task stats
2025-03-28 14:29:24,934 - INFO - ℹ️  INFO - Fetching task stats... for session: 0f223d26-cc48-468a-b82b-7f1fc8d5559e
2025-03-28 14:29:24,952 - INFO - ℹ️  INFO - Received task stats response: {"code":0,"data":{"completion_percentage":0,"done":0,"failed":0,"list_failed":null,"list_result_done":[],"pending":0,"queue_size":100,"total_tasks":0}}
2025-03-28 14:29:26,466 - INFO - ℹ️  INFO - Updated task stats
2025-03-28 14:29:26,466 - INFO - ℹ️  INFO - Fetching task stats... for session: c252a4a1-bcb3-4472-8a2f-72f0c2e6299f
2025-03-28 14:29:26,483 - INFO - ℹ️  INFO - Received task stats response: {"code":0,"data":{"completion_percentage":0,"done":0,"failed":0,"list_failed":null,"list_result_done":[],"pending":0,"queue_size":100,"total_tasks":0}}
2025-03-28 14:29:30,012 - INFO - ℹ️  INFO - Updated task stats
2025-03-28 14:29:30,012 - INFO - ℹ️  INFO - Fetching task stats... for session: 30bac701-4831-4764-bf14-4860906b51c1
2025-03-28 14:29:30,034 - INFO - ℹ️  INFO - Received task stats response: {"code":0,"data":{"completion_percentage":0,"done":0,"failed":0,"list_failed":null,"list_result_done":[],"pending":0,"queue_size":100,"total_tasks":0}}
2025-03-28 14:29:31,954 - INFO - ℹ️  INFO - Updated task stats
2025-03-28 14:29:31,954 - INFO - ℹ️  INFO - Fetching task stats... for session: 0f223d26-cc48-468a-b82b-7f1fc8d5559e
2025-03-28 14:29:31,971 - INFO - ℹ️  INFO - Received task stats response: {"code":0,"data":{"completion_percentage":0,"done":0,"failed":0,"list_failed":null,"list_result_done":[],"pending":0,"queue_size":100,"total_tasks":0}}
2025-03-28 14:29:33,485 - INFO - ℹ️  INFO - Updated task stats
2025-03-28 14:29:33,485 - INFO - ℹ️  INFO - Fetching task stats... for session: c252a4a1-bcb3-4472-8a2f-72f0c2e6299f
2025-03-28 14:29:33,502 - INFO - ℹ️  INFO - Received task stats response: {"code":0,"data":{"completion_percentage":0,"done":0,"failed":0,"list_failed":null,"list_result_done":[],"pending":0,"queue_size":100,"total_tasks":0}}
2025-03-28 14:29:37,036 - INFO - ℹ️  INFO - Updated task stats
2025-03-28 14:29:37,036 - INFO - ℹ️  INFO - Fetching task stats... for session: 30bac701-4831-4764-bf14-4860906b51c1
2025-03-28 14:29:37,067 - INFO - ℹ️  INFO - Received task stats response: {"code":0,"data":{"completion_percentage":0,"done":0,"failed":0,"list_failed":null,"list_result_done":[],"pending":0,"queue_size":100,"total_tasks":0}}
2025-03-28 14:29:38,974 - INFO - ℹ️  INFO - Updated task stats
2025-03-28 14:29:38,974 - INFO - ℹ️  INFO - Fetching task stats... for session: 0f223d26-cc48-468a-b82b-7f1fc8d5559e
2025-03-28 14:29:38,991 - INFO - ℹ️  INFO - Received task stats response: {"code":0,"data":{"completion_percentage":0,"done":0,"failed":0,"list_failed":null,"list_result_done":[],"pending":0,"queue_size":100,"total_tasks":0}}
2025-03-28 14:29:40,504 - INFO - ℹ️  INFO - Updated task stats
2025-03-28 14:29:40,504 - INFO - ℹ️  INFO - Fetching task stats... for session: c252a4a1-bcb3-4472-8a2f-72f0c2e6299f
2025-03-28 14:29:40,521 - INFO - ℹ️  INFO - Received task stats response: {"code":0,"data":{"completion_percentage":0,"done":0,"failed":0,"list_failed":null,"list_result_done":[],"pending":0,"queue_size":100,"total_tasks":0}}
2025-03-28 14:29:44,069 - INFO - ℹ️  INFO - Updated task stats
2025-03-28 14:29:44,069 - INFO - ℹ️  INFO - Fetching task stats... for session: 30bac701-4831-4764-bf14-4860906b51c1
2025-03-28 14:29:44,092 - INFO - ℹ️  INFO - Received task stats response: {"code":0,"data":{"completion_percentage":0,"done":0,"failed":0,"list_failed":null,"list_result_done":[],"pending":0,"queue_size":100,"total_tasks":0}}
2025-03-28 14:29:45,994 - INFO - ℹ️  INFO - Updated task stats
2025-03-28 14:29:45,995 - INFO - ℹ️  INFO - Fetching task stats... for session: 0f223d26-cc48-468a-b82b-7f1fc8d5559e
2025-03-28 14:29:46,016 - INFO - ℹ️  INFO - Received task stats response: {"code":0,"data":{"completion_percentage":0,"done":0,"failed":0,"list_failed":null,"list_result_done":[],"pending":0,"queue_size":100,"total_tasks":0}}
2025-03-28 14:29:47,522 - INFO - ℹ️  INFO - Updated task stats
2025-03-28 14:29:47,523 - INFO - ℹ️  INFO - Fetching task stats... for session: c252a4a1-bcb3-4472-8a2f-72f0c2e6299f
2025-03-28 14:29:47,544 - INFO - ℹ️  INFO - Received task stats response: {"code":0,"data":{"completion_percentage":0,"done":0,"failed":0,"list_failed":null,"list_result_done":[],"pending":0,"queue_size":100,"total_tasks":0}}
2025-03-28 14:29:51,095 - INFO - ℹ️  INFO - Updated task stats
2025-03-28 14:29:51,095 - INFO - ℹ️  INFO - Fetching task stats... for session: 30bac701-4831-4764-bf14-4860906b51c1
2025-03-28 14:29:51,130 - INFO - ℹ️  INFO - Received task stats response: {"code":0,"data":{"completion_percentage":0,"done":0,"failed":0,"list_failed":null,"list_result_done":[],"pending":0,"queue_size":100,"total_tasks":0}}
2025-03-28 14:29:53,019 - INFO - ℹ️  INFO - Updated task stats
2025-03-28 14:29:53,019 - INFO - ℹ️  INFO - Fetching task stats... for session: 0f223d26-cc48-468a-b82b-7f1fc8d5559e
2025-03-28 14:29:53,038 - INFO - ℹ️  INFO - Received task stats response: {"code":0,"data":{"completion_percentage":0,"done":0,"failed":0,"list_failed":null,"list_result_done":[],"pending":0,"queue_size":100,"total_tasks":0}}
2025-03-28 14:29:54,547 - INFO - ℹ️  INFO - Updated task stats
2025-03-28 14:29:54,547 - INFO - ℹ️  INFO - Fetching task stats... for session: c252a4a1-bcb3-4472-8a2f-72f0c2e6299f
2025-03-28 14:29:54,566 - INFO - ℹ️  INFO - Received task stats response: {"code":0,"data":{"completion_percentage":0,"done":0,"failed":0,"list_failed":null,"list_result_done":[],"pending":0,"queue_size":100,"total_tasks":0}}
2025-03-28 14:29:58,132 - INFO - ℹ️  INFO - Updated task stats
2025-03-28 14:29:58,132 - INFO - ℹ️  INFO - Fetching task stats... for session: 30bac701-4831-4764-bf14-4860906b51c1
2025-03-28 14:29:58,152 - INFO - ℹ️  INFO - Received task stats response: {"code":0,"data":{"completion_percentage":0,"done":0,"failed":0,"list_failed":null,"list_result_done":[],"pending":0,"queue_size":100,"total_tasks":0}}
2025-03-28 14:30:00,042 - INFO - ℹ️  INFO - Updated task stats
2025-03-28 14:30:00,042 - INFO - ℹ️  INFO - Fetching task stats... for session: 0f223d26-cc48-468a-b82b-7f1fc8d5559e
2025-03-28 14:30:00,062 - INFO - ℹ️  INFO - Received task stats response: {"code":0,"data":{"completion_percentage":0,"done":0,"failed":0,"list_failed":null,"list_result_done":[],"pending":0,"queue_size":100,"total_tasks":0}}
2025-03-28 14:30:01,569 - INFO - ℹ️  INFO - Updated task stats
2025-03-28 14:30:01,569 - INFO - ℹ️  INFO - Fetching task stats... for session: c252a4a1-bcb3-4472-8a2f-72f0c2e6299f
2025-03-28 14:30:01,589 - INFO - ℹ️  INFO - Received task stats response: {"code":0,"data":{"completion_percentage":0,"done":0,"failed":0,"list_failed":null,"list_result_done":[],"pending":0,"queue_size":100,"total_tasks":0}}
2025-03-28 14:30:05,155 - INFO - ℹ️  INFO - Updated task stats
2025-03-28 14:30:05,155 - INFO - ℹ️  INFO - Fetching task stats... for session: 30bac701-4831-4764-bf14-4860906b51c1
2025-03-28 14:30:05,174 - INFO - ℹ️  INFO - Received task stats response: {"code":0,"data":{"completion_percentage":0,"done":0,"failed":0,"list_failed":null,"list_result_done":[],"pending":0,"queue_size":100,"total_tasks":0}}
2025-03-28 14:30:07,064 - INFO - ℹ️  INFO - Updated task stats
2025-03-28 14:30:07,064 - INFO - ℹ️  INFO - Fetching task stats... for session: 0f223d26-cc48-468a-b82b-7f1fc8d5559e
2025-03-28 14:30:07,087 - INFO - ℹ️  INFO - Received task stats response: {"code":0,"data":{"completion_percentage":0,"done":0,"failed":0,"list_failed":null,"list_result_done":[],"pending":0,"queue_size":100,"total_tasks":0}}
2025-03-28 14:30:08,591 - INFO - ℹ️  INFO - Updated task stats
2025-03-28 14:30:08,591 - INFO - ℹ️  INFO - Fetching task stats... for session: c252a4a1-bcb3-4472-8a2f-72f0c2e6299f
2025-03-28 14:30:08,609 - INFO - ℹ️  INFO - Received task stats response: {"code":0,"data":{"completion_percentage":0,"done":0,"failed":0,"list_failed":null,"list_result_done":[],"pending":0,"queue_size":100,"total_tasks":0}}
2025-03-28 14:30:12,176 - INFO - ℹ️  INFO - Updated task stats
2025-03-28 14:30:12,177 - INFO - ℹ️  INFO - Fetching task stats... for session: 30bac701-4831-4764-bf14-4860906b51c1
2025-03-28 14:30:12,203 - INFO - ℹ️  INFO - Received task stats response: {"code":0,"data":{"completion_percentage":0,"done":0,"failed":0,"list_failed":null,"list_result_done":[],"pending":0,"queue_size":100,"total_tasks":0}}
2025-03-28 14:30:14,090 - INFO - ℹ️  INFO - Updated task stats
2025-03-28 14:30:14,090 - INFO - ℹ️  INFO - Fetching task stats... for session: 0f223d26-cc48-468a-b82b-7f1fc8d5559e
2025-03-28 14:30:14,107 - INFO - ℹ️  INFO - Received task stats response: {"code":0,"data":{"completion_percentage":0,"done":0,"failed":0,"list_failed":null,"list_result_done":[],"pending":0,"queue_size":100,"total_tasks":0}}
2025-03-28 14:30:15,611 - INFO - ℹ️  INFO - Updated task stats
2025-03-28 14:30:15,612 - INFO - ℹ️  INFO - Fetching task stats... for session: c252a4a1-bcb3-4472-8a2f-72f0c2e6299f
2025-03-28 14:30:15,632 - INFO - ℹ️  INFO - Received task stats response: {"code":0,"data":{"completion_percentage":0,"done":0,"failed":0,"list_failed":null,"list_result_done":[],"pending":0,"queue_size":100,"total_tasks":0}}
2025-03-28 14:30:19,205 - INFO - ℹ️  INFO - Updated task stats
2025-03-28 14:30:19,205 - INFO - ℹ️  INFO - Fetching task stats... for session: 30bac701-4831-4764-bf14-4860906b51c1
2025-03-28 14:30:19,237 - INFO - ℹ️  INFO - Received task stats response: {"code":0,"data":{"completion_percentage":0,"done":0,"failed":0,"list_failed":null,"list_result_done":[],"pending":0,"queue_size":100,"total_tasks":0}}
2025-03-28 14:30:21,109 - INFO - ℹ️  INFO - Updated task stats
2025-03-28 14:30:21,109 - INFO - ℹ️  INFO - Fetching task stats... for session: 0f223d26-cc48-468a-b82b-7f1fc8d5559e
2025-03-28 14:30:21,132 - INFO - ℹ️  INFO - Received task stats response: {"code":0,"data":{"completion_percentage":0,"done":0,"failed":0,"list_failed":null,"list_result_done":[],"pending":0,"queue_size":100,"total_tasks":0}}
2025-03-28 14:30:22,634 - INFO - ℹ️  INFO - Updated task stats
2025-03-28 14:30:22,634 - INFO - ℹ️  INFO - Fetching task stats... for session: c252a4a1-bcb3-4472-8a2f-72f0c2e6299f
2025-03-28 14:30:22,650 - INFO - ℹ️  INFO - Received task stats response: {"code":0,"data":{"completion_percentage":0,"done":0,"failed":0,"list_failed":null,"list_result_done":[],"pending":0,"queue_size":100,"total_tasks":0}}
2025-03-28 14:30:26,240 - INFO - ℹ️  INFO - Updated task stats
2025-03-28 14:30:26,240 - INFO - ℹ️  INFO - Fetching task stats... for session: 30bac701-4831-4764-bf14-4860906b51c1
2025-03-28 14:30:26,260 - INFO - ℹ️  INFO - Received task stats response: {"code":0,"data":{"completion_percentage":0,"done":0,"failed":0,"list_failed":null,"list_result_done":[],"pending":0,"queue_size":100,"total_tasks":0}}
2025-03-28 14:30:28,136 - INFO - ℹ️  INFO - Updated task stats
2025-03-28 14:30:28,136 - INFO - ℹ️  INFO - Fetching task stats... for session: 0f223d26-cc48-468a-b82b-7f1fc8d5559e
2025-03-28 14:30:28,154 - INFO - ℹ️  INFO - Received task stats response: {"code":0,"data":{"completion_percentage":0,"done":0,"failed":0,"list_failed":null,"list_result_done":[],"pending":0,"queue_size":100,"total_tasks":0}}
2025-03-28 14:30:29,653 - INFO - ℹ️  INFO - Updated task stats
2025-03-28 14:30:29,653 - INFO - ℹ️  INFO - Fetching task stats... for session: c252a4a1-bcb3-4472-8a2f-72f0c2e6299f
2025-03-28 14:30:29,673 - INFO - ℹ️  INFO - Received task stats response: {"code":0,"data":{"completion_percentage":0,"done":0,"failed":0,"list_failed":null,"list_result_done":[],"pending":0,"queue_size":100,"total_tasks":0}}
2025-03-28 14:30:33,262 - INFO - ℹ️  INFO - Updated task stats
2025-03-28 14:30:33,262 - INFO - ℹ️  INFO - Fetching task stats... for session: 30bac701-4831-4764-bf14-4860906b51c1
2025-03-28 14:30:33,284 - INFO - ℹ️  INFO - Received task stats response: {"code":0,"data":{"completion_percentage":0,"done":0,"failed":0,"list_failed":null,"list_result_done":[],"pending":0,"queue_size":100,"total_tasks":0}}
2025-03-28 14:30:35,156 - INFO - ℹ️  INFO - Updated task stats
2025-03-28 14:30:35,157 - INFO - ℹ️  INFO - Fetching task stats... for session: 0f223d26-cc48-468a-b82b-7f1fc8d5559e
2025-03-28 14:30:35,176 - INFO - ℹ️  INFO - Received task stats response: {"code":0,"data":{"completion_percentage":0,"done":0,"failed":0,"list_failed":null,"list_result_done":[],"pending":0,"queue_size":100,"total_tasks":0}}
2025-03-28 14:30:36,675 - INFO - ℹ️  INFO - Updated task stats
2025-03-28 14:30:36,675 - INFO - ℹ️  INFO - Fetching task stats... for session: c252a4a1-bcb3-4472-8a2f-72f0c2e6299f
2025-03-28 14:30:36,697 - INFO - ℹ️  INFO - Received task stats response: {"code":0,"data":{"completion_percentage":0,"done":0,"failed":0,"list_failed":null,"list_result_done":[],"pending":0,"queue_size":100,"total_tasks":0}}
2025-03-28 14:30:40,287 - INFO - ℹ️  INFO - Updated task stats
2025-03-28 14:30:40,287 - INFO - ℹ️  INFO - Fetching task stats... for session: 30bac701-4831-4764-bf14-4860906b51c1
2025-03-28 14:30:40,309 - INFO - ℹ️  INFO - Received task stats response: {"code":0,"data":{"completion_percentage":0,"done":0,"failed":0,"list_failed":null,"list_result_done":[],"pending":0,"queue_size":100,"total_tasks":0}}
2025-03-28 14:30:42,181 - INFO - ℹ️  INFO - Updated task stats
2025-03-28 14:30:42,181 - INFO - ℹ️  INFO - Fetching task stats... for session: 0f223d26-cc48-468a-b82b-7f1fc8d5559e
2025-03-28 14:30:42,197 - INFO - ℹ️  INFO - Received task stats response: {"code":0,"data":{"completion_percentage":0,"done":0,"failed":0,"list_failed":null,"list_result_done":[],"pending":0,"queue_size":100,"total_tasks":0}}
2025-03-28 14:30:43,700 - INFO - ℹ️  INFO - Updated task stats
2025-03-28 14:30:43,700 - INFO - ℹ️  INFO - Fetching task stats... for session: c252a4a1-bcb3-4472-8a2f-72f0c2e6299f
2025-03-28 14:30:43,716 - INFO - ℹ️  INFO - Received task stats response: {"code":0,"data":{"completion_percentage":0,"done":0,"failed":0,"list_failed":null,"list_result_done":[],"pending":0,"queue_size":100,"total_tasks":0}}
2025-03-28 14:30:47,311 - INFO - ℹ️  INFO - Updated task stats
2025-03-28 14:30:47,311 - INFO - ℹ️  INFO - Fetching task stats... for session: 30bac701-4831-4764-bf14-4860906b51c1
2025-03-28 14:30:47,336 - INFO - ℹ️  INFO - Received task stats response: {"code":0,"data":{"completion_percentage":0,"done":0,"failed":0,"list_failed":null,"list_result_done":[],"pending":0,"queue_size":100,"total_tasks":0}}
2025-03-28 14:30:49,200 - INFO - ℹ️  INFO - Updated task stats
2025-03-28 14:30:49,200 - INFO - ℹ️  INFO - Fetching task stats... for session: 0f223d26-cc48-468a-b82b-7f1fc8d5559e
2025-03-28 14:30:49,218 - INFO - ℹ️  INFO - Received task stats response: {"code":0,"data":{"completion_percentage":0,"done":0,"failed":0,"list_failed":null,"list_result_done":[],"pending":0,"queue_size":100,"total_tasks":0}}
2025-03-28 14:30:50,719 - INFO - ℹ️  INFO - Updated task stats
2025-03-28 14:30:50,719 - INFO - ℹ️  INFO - Fetching task stats... for session: c252a4a1-bcb3-4472-8a2f-72f0c2e6299f
2025-03-28 14:30:50,738 - INFO - ℹ️  INFO - Received task stats response: {"code":0,"data":{"completion_percentage":0,"done":0,"failed":0,"list_failed":null,"list_result_done":[],"pending":0,"queue_size":100,"total_tasks":0}}
2025-03-28 14:30:54,338 - INFO - ℹ️  INFO - Updated task stats
2025-03-28 14:30:54,338 - INFO - ℹ️  INFO - Fetching task stats... for session: 30bac701-4831-4764-bf14-4860906b51c1
2025-03-28 14:30:54,360 - INFO - ℹ️  INFO - Received task stats response: {"code":0,"data":{"completion_percentage":0,"done":0,"failed":0,"list_failed":null,"list_result_done":[],"pending":0,"queue_size":100,"total_tasks":0}}
2025-03-28 14:30:56,221 - INFO - ℹ️  INFO - Updated task stats
2025-03-28 14:30:56,221 - INFO - ℹ️  INFO - Fetching task stats... for session: 0f223d26-cc48-468a-b82b-7f1fc8d5559e
2025-03-28 14:30:56,243 - INFO - ℹ️  INFO - Received task stats response: {"code":0,"data":{"completion_percentage":0,"done":0,"failed":0,"list_failed":null,"list_result_done":[],"pending":0,"queue_size":100,"total_tasks":0}}
2025-03-28 14:30:57,740 - INFO - ℹ️  INFO - Updated task stats
2025-03-28 14:30:57,740 - INFO - ℹ️  INFO - Fetching task stats... for session: c252a4a1-bcb3-4472-8a2f-72f0c2e6299f
2025-03-28 14:30:57,759 - INFO - ℹ️  INFO - Received task stats response: {"code":0,"data":{"completion_percentage":0,"done":0,"failed":0,"list_failed":null,"list_result_done":[],"pending":0,"queue_size":100,"total_tasks":0}}
2025-03-28 14:31:01,362 - INFO - ℹ️  INFO - Updated task stats
2025-03-28 14:31:01,363 - INFO - ℹ️  INFO - Fetching task stats... for session: 30bac701-4831-4764-bf14-4860906b51c1
2025-03-28 14:31:01,395 - INFO - ℹ️  INFO - Received task stats response: {"code":0,"data":{"completion_percentage":0,"done":0,"failed":0,"list_failed":null,"list_result_done":[],"pending":0,"queue_size":100,"total_tasks":0}}
2025-03-28 14:31:03,247 - INFO - ℹ️  INFO - Updated task stats
2025-03-28 14:31:03,248 - INFO - ℹ️  INFO - Fetching task stats... for session: 0f223d26-cc48-468a-b82b-7f1fc8d5559e
2025-03-28 14:31:03,265 - INFO - ℹ️  INFO - Received task stats response: {"code":0,"data":{"completion_percentage":0,"done":0,"failed":0,"list_failed":null,"list_result_done":[],"pending":0,"queue_size":100,"total_tasks":0}}
2025-03-28 14:31:04,762 - INFO - ℹ️  INFO - Updated task stats
2025-03-28 14:31:04,762 - INFO - ℹ️  INFO - Fetching task stats... for session: c252a4a1-bcb3-4472-8a2f-72f0c2e6299f
2025-03-28 14:31:04,788 - INFO - ℹ️  INFO - Received task stats response: {"code":0,"data":{"completion_percentage":0,"done":0,"failed":0,"list_failed":null,"list_result_done":[],"pending":0,"queue_size":100,"total_tasks":0}}
2025-03-28 14:31:08,398 - INFO - ℹ️  INFO - Updated task stats
2025-03-28 14:31:08,398 - INFO - ℹ️  INFO - Fetching task stats... for session: 30bac701-4831-4764-bf14-4860906b51c1
2025-03-28 14:31:08,416 - INFO - ℹ️  INFO - Received task stats response: {"code":0,"data":{"completion_percentage":0,"done":0,"failed":0,"list_failed":null,"list_result_done":[],"pending":0,"queue_size":100,"total_tasks":0}}
2025-03-28 14:31:10,268 - INFO - ℹ️  INFO - Updated task stats
2025-03-28 14:31:10,268 - INFO - ℹ️  INFO - Fetching task stats... for session: 0f223d26-cc48-468a-b82b-7f1fc8d5559e
2025-03-28 14:31:10,287 - INFO - ℹ️  INFO - Received task stats response: {"code":0,"data":{"completion_percentage":0,"done":0,"failed":0,"list_failed":null,"list_result_done":[],"pending":0,"queue_size":100,"total_tasks":0}}
2025-03-28 14:31:11,791 - INFO - ℹ️  INFO - Updated task stats
2025-03-28 14:31:11,791 - INFO - ℹ️  INFO - Fetching task stats... for session: c252a4a1-bcb3-4472-8a2f-72f0c2e6299f
2025-03-28 14:31:11,808 - INFO - ℹ️  INFO - Received task stats response: {"code":0,"data":{"completion_percentage":0,"done":0,"failed":0,"list_failed":null,"list_result_done":[],"pending":0,"queue_size":100,"total_tasks":0}}
2025-03-28 14:31:15,418 - INFO - ℹ️  INFO - Updated task stats
2025-03-28 14:31:15,419 - INFO - ℹ️  INFO - Fetching task stats... for session: 30bac701-4831-4764-bf14-4860906b51c1
2025-03-28 14:31:15,438 - INFO - ℹ️  INFO - Received task stats response: {"code":0,"data":{"completion_percentage":0,"done":0,"failed":0,"list_failed":null,"list_result_done":[],"pending":0,"queue_size":100,"total_tasks":0}}
2025-03-28 14:31:17,290 - INFO - ℹ️  INFO - Updated task stats
2025-03-28 14:31:17,290 - INFO - ℹ️  INFO - Fetching task stats... for session: 0f223d26-cc48-468a-b82b-7f1fc8d5559e
2025-03-28 14:31:17,310 - INFO - ℹ️  INFO - Received task stats response: {"code":0,"data":{"completion_percentage":0,"done":0,"failed":0,"list_failed":null,"list_result_done":[],"pending":0,"queue_size":100,"total_tasks":0}}
2025-03-28 14:31:18,811 - INFO - ℹ️  INFO - Updated task stats
2025-03-28 14:31:18,811 - INFO - ℹ️  INFO - Fetching task stats... for session: c252a4a1-bcb3-4472-8a2f-72f0c2e6299f
2025-03-28 14:31:18,828 - INFO - ℹ️  INFO - Received task stats response: {"code":0,"data":{"completion_percentage":0,"done":0,"failed":0,"list_failed":null,"list_result_done":[],"pending":0,"queue_size":100,"total_tasks":0}}
2025-03-28 14:31:22,440 - INFO - ℹ️  INFO - Updated task stats
2025-03-28 14:31:22,440 - INFO - ℹ️  INFO - Fetching task stats... for session: 30bac701-4831-4764-bf14-4860906b51c1
2025-03-28 14:31:22,469 - INFO - ℹ️  INFO - Received task stats response: {"code":0,"data":{"completion_percentage":0,"done":0,"failed":0,"list_failed":null,"list_result_done":[],"pending":0,"queue_size":100,"total_tasks":0}}
2025-03-28 14:31:24,312 - INFO - ℹ️  INFO - Updated task stats
2025-03-28 14:31:24,312 - INFO - ℹ️  INFO - Fetching task stats... for session: 0f223d26-cc48-468a-b82b-7f1fc8d5559e
2025-03-28 14:31:24,329 - INFO - ℹ️  INFO - Received task stats response: {"code":0,"data":{"completion_percentage":0,"done":0,"failed":0,"list_failed":null,"list_result_done":[],"pending":0,"queue_size":100,"total_tasks":0}}
2025-03-28 14:31:25,831 - INFO - ℹ️  INFO - Updated task stats
2025-03-28 14:31:25,831 - INFO - ℹ️  INFO - Fetching task stats... for session: c252a4a1-bcb3-4472-8a2f-72f0c2e6299f
2025-03-28 14:31:25,849 - INFO - ℹ️  INFO - Received task stats response: {"code":0,"data":{"completion_percentage":0,"done":0,"failed":0,"list_failed":null,"list_result_done":[],"pending":0,"queue_size":100,"total_tasks":0}}
2025-03-28 14:31:29,471 - INFO - ℹ️  INFO - Updated task stats
2025-03-28 14:31:29,471 - INFO - ℹ️  INFO - Fetching task stats... for session: 30bac701-4831-4764-bf14-4860906b51c1
2025-03-28 14:31:29,488 - INFO - ℹ️  INFO - Received task stats response: {"code":0,"data":{"completion_percentage":0,"done":0,"failed":0,"list_failed":null,"list_result_done":[],"pending":0,"queue_size":100,"total_tasks":0}}
2025-03-28 14:31:31,331 - INFO - ℹ️  INFO - Updated task stats
2025-03-28 14:31:31,331 - INFO - ℹ️  INFO - Fetching task stats... for session: 0f223d26-cc48-468a-b82b-7f1fc8d5559e
2025-03-28 14:31:31,353 - INFO - ℹ️  INFO - Received task stats response: {"code":0,"data":{"completion_percentage":0,"done":0,"failed":0,"list_failed":null,"list_result_done":[],"pending":0,"queue_size":100,"total_tasks":0}}
2025-03-28 14:31:32,851 - INFO - ℹ️  INFO - Updated task stats
2025-03-28 14:31:32,851 - INFO - ℹ️  INFO - Fetching task stats... for session: c252a4a1-bcb3-4472-8a2f-72f0c2e6299f
2025-03-28 14:31:32,867 - INFO - ℹ️  INFO - Received task stats response: {"code":0,"data":{"completion_percentage":0,"done":0,"failed":0,"list_failed":null,"list_result_done":[],"pending":0,"queue_size":100,"total_tasks":0}}
2025-03-28 14:31:36,490 - INFO - ℹ️  INFO - Updated task stats
2025-03-28 14:31:36,490 - INFO - ℹ️  INFO - Fetching task stats... for session: 30bac701-4831-4764-bf14-4860906b51c1
2025-03-28 14:31:36,511 - INFO - ℹ️  INFO - Received task stats response: {"code":0,"data":{"completion_percentage":0,"done":0,"failed":0,"list_failed":null,"list_result_done":[],"pending":0,"queue_size":100,"total_tasks":0}}
2025-03-28 14:31:38,355 - INFO - ℹ️  INFO - Updated task stats
2025-03-28 14:31:38,355 - INFO - ℹ️  INFO - Fetching task stats... for session: 0f223d26-cc48-468a-b82b-7f1fc8d5559e
2025-03-28 14:31:38,371 - INFO - ℹ️  INFO - Received task stats response: {"code":0,"data":{"completion_percentage":0,"done":0,"failed":0,"list_failed":null,"list_result_done":[],"pending":0,"queue_size":100,"total_tasks":0}}
2025-03-28 14:31:39,869 - INFO - ℹ️  INFO - Updated task stats
2025-03-28 14:31:39,869 - INFO - ℹ️  INFO - Fetching task stats... for session: c252a4a1-bcb3-4472-8a2f-72f0c2e6299f
2025-03-28 14:31:39,886 - INFO - ℹ️  INFO - Received task stats response: {"code":0,"data":{"completion_percentage":0,"done":0,"failed":0,"list_failed":null,"list_result_done":[],"pending":0,"queue_size":100,"total_tasks":0}}
2025-03-28 14:31:43,514 - INFO - ℹ️  INFO - Updated task stats
2025-03-28 14:31:43,514 - INFO - ℹ️  INFO - Fetching task stats... for session: 30bac701-4831-4764-bf14-4860906b51c1
2025-03-28 14:31:43,534 - INFO - ℹ️  INFO - Received task stats response: {"code":0,"data":{"completion_percentage":0,"done":0,"failed":0,"list_failed":null,"list_result_done":[],"pending":0,"queue_size":100,"total_tasks":0}}
2025-03-28 14:31:45,373 - INFO - ℹ️  INFO - Updated task stats
2025-03-28 14:31:45,373 - INFO - ℹ️  INFO - Fetching task stats... for session: 0f223d26-cc48-468a-b82b-7f1fc8d5559e
2025-03-28 14:31:45,402 - INFO - ℹ️  INFO - Received task stats response: {"code":0,"data":{"completion_percentage":0,"done":0,"failed":0,"list_failed":null,"list_result_done":[],"pending":0,"queue_size":100,"total_tasks":0}}
2025-03-28 14:31:46,888 - INFO - ℹ️  INFO - Updated task stats
2025-03-28 14:31:46,888 - INFO - ℹ️  INFO - Fetching task stats... for session: c252a4a1-bcb3-4472-8a2f-72f0c2e6299f
2025-03-28 14:31:46,907 - INFO - ℹ️  INFO - Received task stats response: {"code":0,"data":{"completion_percentage":0,"done":0,"failed":0,"list_failed":null,"list_result_done":[],"pending":0,"queue_size":100,"total_tasks":0}}
2025-03-28 14:31:50,536 - INFO - ℹ️  INFO - Updated task stats
2025-03-28 14:31:50,536 - INFO - ℹ️  INFO - Fetching task stats... for session: 30bac701-4831-4764-bf14-4860906b51c1
2025-03-28 14:31:50,556 - INFO - ℹ️  INFO - Received task stats response: {"code":0,"data":{"completion_percentage":0,"done":0,"failed":0,"list_failed":null,"list_result_done":[],"pending":0,"queue_size":100,"total_tasks":0}}
2025-03-28 14:31:52,405 - INFO - ℹ️  INFO - Updated task stats
2025-03-28 14:31:52,406 - INFO - ℹ️  INFO - Fetching task stats... for session: 0f223d26-cc48-468a-b82b-7f1fc8d5559e
2025-03-28 14:31:52,421 - INFO - ℹ️  INFO - Received task stats response: {"code":0,"data":{"completion_percentage":0,"done":0,"failed":0,"list_failed":null,"list_result_done":[],"pending":0,"queue_size":100,"total_tasks":0}}
2025-03-28 14:31:53,909 - INFO - ℹ️  INFO - Updated task stats
2025-03-28 14:31:53,909 - INFO - ℹ️  INFO - Fetching task stats... for session: c252a4a1-bcb3-4472-8a2f-72f0c2e6299f
2025-03-28 14:31:53,926 - INFO - ℹ️  INFO - Received task stats response: {"code":0,"data":{"completion_percentage":0,"done":0,"failed":0,"list_failed":null,"list_result_done":[],"pending":0,"queue_size":100,"total_tasks":0}}
2025-03-28 14:31:57,558 - INFO - ℹ️  INFO - Updated task stats
2025-03-28 14:31:57,558 - INFO - ℹ️  INFO - Fetching task stats... for session: 30bac701-4831-4764-bf14-4860906b51c1
2025-03-28 14:31:57,585 - INFO - ℹ️  INFO - Received task stats response: {"code":0,"data":{"completion_percentage":0,"done":0,"failed":0,"list_failed":null,"list_result_done":[],"pending":0,"queue_size":100,"total_tasks":0}}
2025-03-28 14:31:59,424 - INFO - ℹ️  INFO - Updated task stats
2025-03-28 14:31:59,424 - INFO - ℹ️  INFO - Fetching task stats... for session: 0f223d26-cc48-468a-b82b-7f1fc8d5559e
2025-03-28 14:31:59,441 - INFO - ℹ️  INFO - Received task stats response: {"code":0,"data":{"completion_percentage":0,"done":0,"failed":0,"list_failed":null,"list_result_done":[],"pending":0,"queue_size":100,"total_tasks":0}}
2025-03-28 14:32:00,928 - INFO - ℹ️  INFO - Updated task stats
2025-03-28 14:32:00,929 - INFO - ℹ️  INFO - Fetching task stats... for session: c252a4a1-bcb3-4472-8a2f-72f0c2e6299f
2025-03-28 14:32:00,944 - INFO - ℹ️  INFO - Received task stats response: {"code":0,"data":{"completion_percentage":0,"done":0,"failed":0,"list_failed":null,"list_result_done":[],"pending":0,"queue_size":100,"total_tasks":0}}
2025-03-28 14:32:04,588 - INFO - ℹ️  INFO - Updated task stats
2025-03-28 14:32:04,588 - INFO - ℹ️  INFO - Fetching task stats... for session: 30bac701-4831-4764-bf14-4860906b51c1
2025-03-28 14:32:04,611 - INFO - ℹ️  INFO - Received task stats response: {"code":0,"data":{"completion_percentage":0,"done":0,"failed":0,"list_failed":null,"list_result_done":[],"pending":0,"queue_size":100,"total_tasks":0}}
2025-03-28 14:32:06,443 - INFO - ℹ️  INFO - Updated task stats
2025-03-28 14:32:06,444 - INFO - ℹ️  INFO - Fetching task stats... for session: 0f223d26-cc48-468a-b82b-7f1fc8d5559e
2025-03-28 14:32:06,468 - INFO - ℹ️  INFO - Received task stats response: {"code":0,"data":{"completion_percentage":0,"done":0,"failed":0,"list_failed":null,"list_result_done":[],"pending":0,"queue_size":100,"total_tasks":0}}
2025-03-28 14:32:07,947 - INFO - ℹ️  INFO - Updated task stats
2025-03-28 14:32:07,947 - INFO - ℹ️  INFO - Fetching task stats... for session: c252a4a1-bcb3-4472-8a2f-72f0c2e6299f
2025-03-28 14:32:07,961 - INFO - ℹ️  INFO - Received task stats response: {"code":0,"data":{"completion_percentage":0,"done":0,"failed":0,"list_failed":null,"list_result_done":[],"pending":0,"queue_size":100,"total_tasks":0}}
2025-03-28 14:32:11,613 - INFO - ℹ️  INFO - Updated task stats
2025-03-28 14:32:11,613 - INFO - ℹ️  INFO - Fetching task stats... for session: 30bac701-4831-4764-bf14-4860906b51c1
2025-03-28 14:32:11,632 - INFO - ℹ️  INFO - Received task stats response: {"code":0,"data":{"completion_percentage":0,"done":0,"failed":0,"list_failed":null,"list_result_done":[],"pending":0,"queue_size":100,"total_tasks":0}}
2025-03-28 14:32:13,470 - INFO - ℹ️  INFO - Updated task stats
2025-03-28 14:32:13,471 - INFO - ℹ️  INFO - Fetching task stats... for session: 0f223d26-cc48-468a-b82b-7f1fc8d5559e
2025-03-28 14:32:13,491 - INFO - ℹ️  INFO - Received task stats response: {"code":0,"data":{"completion_percentage":0,"done":0,"failed":0,"list_failed":null,"list_result_done":[],"pending":0,"queue_size":100,"total_tasks":0}}
2025-03-28 14:32:14,963 - INFO - ℹ️  INFO - Updated task stats
2025-03-28 14:32:14,963 - INFO - ℹ️  INFO - Fetching task stats... for session: c252a4a1-bcb3-4472-8a2f-72f0c2e6299f
2025-03-28 14:32:14,983 - INFO - ℹ️  INFO - Received task stats response: {"code":0,"data":{"completion_percentage":0,"done":0,"failed":0,"list_failed":null,"list_result_done":[],"pending":0,"queue_size":100,"total_tasks":0}}
2025-03-28 14:32:18,635 - INFO - ℹ️  INFO - Updated task stats
2025-03-28 14:32:18,635 - INFO - ℹ️  INFO - Fetching task stats... for session: 30bac701-4831-4764-bf14-4860906b51c1
2025-03-28 14:32:18,655 - INFO - ℹ️  INFO - Received task stats response: {"code":0,"data":{"completion_percentage":0,"done":0,"failed":0,"list_failed":null,"list_result_done":[],"pending":0,"queue_size":100,"total_tasks":0}}
2025-03-28 14:32:20,494 - INFO - ℹ️  INFO - Updated task stats
2025-03-28 14:32:20,494 - INFO - ℹ️  INFO - Fetching task stats... for session: 0f223d26-cc48-468a-b82b-7f1fc8d5559e
2025-03-28 14:32:20,517 - INFO - ℹ️  INFO - Received task stats response: {"code":0,"data":{"completion_percentage":0,"done":0,"failed":0,"list_failed":null,"list_result_done":[],"pending":0,"queue_size":100,"total_tasks":0}}
2025-03-28 14:32:21,985 - INFO - ℹ️  INFO - Updated task stats
2025-03-28 14:32:21,985 - INFO - ℹ️  INFO - Fetching task stats... for session: c252a4a1-bcb3-4472-8a2f-72f0c2e6299f
2025-03-28 14:32:22,008 - INFO - ℹ️  INFO - Received task stats response: {"code":0,"data":{"completion_percentage":0,"done":0,"failed":0,"list_failed":null,"list_result_done":[],"pending":0,"queue_size":100,"total_tasks":0}}
2025-03-28 14:32:25,657 - INFO - ℹ️  INFO - Updated task stats
2025-03-28 14:32:25,657 - INFO - ℹ️  INFO - Fetching task stats... for session: 30bac701-4831-4764-bf14-4860906b51c1
2025-03-28 14:32:25,677 - INFO - ℹ️  INFO - Received task stats response: {"code":0,"data":{"completion_percentage":0,"done":0,"failed":0,"list_failed":null,"list_result_done":[],"pending":0,"queue_size":100,"total_tasks":0}}
2025-03-28 14:32:27,519 - INFO - ℹ️  INFO - Updated task stats
2025-03-28 14:32:27,519 - INFO - ℹ️  INFO - Fetching task stats... for session: 0f223d26-cc48-468a-b82b-7f1fc8d5559e
2025-03-28 14:32:27,536 - INFO - ℹ️  INFO - Received task stats response: {"code":0,"data":{"completion_percentage":0,"done":0,"failed":0,"list_failed":null,"list_result_done":[],"pending":0,"queue_size":100,"total_tasks":0}}
2025-03-28 14:32:29,010 - INFO - ℹ️  INFO - Updated task stats
2025-03-28 14:32:29,010 - INFO - ℹ️  INFO - Fetching task stats... for session: c252a4a1-bcb3-4472-8a2f-72f0c2e6299f
2025-03-28 14:32:29,024 - INFO - ℹ️  INFO - Received task stats response: {"code":0,"data":{"completion_percentage":0,"done":0,"failed":0,"list_failed":null,"list_result_done":[],"pending":0,"queue_size":100,"total_tasks":0}}
2025-03-28 14:32:32,679 - INFO - ℹ️  INFO - Updated task stats
2025-03-28 14:32:32,679 - INFO - ℹ️  INFO - Fetching task stats... for session: 30bac701-4831-4764-bf14-4860906b51c1
2025-03-28 14:32:32,706 - INFO - ℹ️  INFO - Received task stats response: {"code":0,"data":{"completion_percentage":0,"done":0,"failed":0,"list_failed":null,"list_result_done":[],"pending":0,"queue_size":100,"total_tasks":0}}
2025-03-28 14:32:34,538 - INFO - ℹ️  INFO - Updated task stats
2025-03-28 14:32:34,539 - INFO - ℹ️  INFO - Fetching task stats... for session: 0f223d26-cc48-468a-b82b-7f1fc8d5559e
2025-03-28 14:32:34,558 - INFO - ℹ️  INFO - Received task stats response: {"code":0,"data":{"completion_percentage":0,"done":0,"failed":0,"list_failed":null,"list_result_done":[],"pending":0,"queue_size":100,"total_tasks":0}}
2025-03-28 14:32:36,026 - INFO - ℹ️  INFO - Updated task stats
2025-03-28 14:32:36,026 - INFO - ℹ️  INFO - Fetching task stats... for session: c252a4a1-bcb3-4472-8a2f-72f0c2e6299f
2025-03-28 14:32:36,043 - INFO - ℹ️  INFO - Received task stats response: {"code":0,"data":{"completion_percentage":0,"done":0,"failed":0,"list_failed":null,"list_result_done":[],"pending":0,"queue_size":100,"total_tasks":0}}
2025-03-28 14:32:39,709 - INFO - ℹ️  INFO - Updated task stats
2025-03-28 14:32:39,709 - INFO - ℹ️  INFO - Fetching task stats... for session: 30bac701-4831-4764-bf14-4860906b51c1
2025-03-28 14:32:39,726 - INFO - ℹ️  INFO - Received task stats response: {"code":0,"data":{"completion_percentage":0,"done":0,"failed":0,"list_failed":null,"list_result_done":[],"pending":0,"queue_size":100,"total_tasks":0}}
2025-03-28 14:32:41,560 - INFO - ℹ️  INFO - Updated task stats
2025-03-28 14:32:41,560 - INFO - ℹ️  INFO - Fetching task stats... for session: 0f223d26-cc48-468a-b82b-7f1fc8d5559e
2025-03-28 14:32:41,655 - INFO - ℹ️  INFO - Received task stats response: {"code":0,"data":{"completion_percentage":0,"done":0,"failed":0,"list_failed":null,"list_result_done":[],"pending":0,"queue_size":100,"total_tasks":0}}
2025-03-28 14:32:43,045 - INFO - ℹ️  INFO - Updated task stats
2025-03-28 14:32:43,045 - INFO - ℹ️  INFO - Fetching task stats... for session: c252a4a1-bcb3-4472-8a2f-72f0c2e6299f
2025-03-28 14:32:43,065 - INFO - ℹ️  INFO - Received task stats response: {"code":0,"data":{"completion_percentage":0,"done":0,"failed":0,"list_failed":null,"list_result_done":[],"pending":0,"queue_size":100,"total_tasks":0}}
2025-03-28 14:32:46,727 - INFO - ℹ️  INFO - Updated task stats
2025-03-28 14:32:46,728 - INFO - ℹ️  INFO - Fetching task stats... for session: 30bac701-4831-4764-bf14-4860906b51c1
2025-03-28 14:32:46,746 - INFO - ℹ️  INFO - Received task stats response: {"code":0,"data":{"completion_percentage":0,"done":0,"failed":0,"list_failed":null,"list_result_done":[],"pending":0,"queue_size":100,"total_tasks":0}}
2025-03-28 14:32:48,658 - INFO - ℹ️  INFO - Updated task stats
2025-03-28 14:32:48,658 - INFO - ℹ️  INFO - Fetching task stats... for session: 0f223d26-cc48-468a-b82b-7f1fc8d5559e
2025-03-28 14:32:48,678 - INFO - ℹ️  INFO - Received task stats response: {"code":0,"data":{"completion_percentage":0,"done":0,"failed":0,"list_failed":null,"list_result_done":[],"pending":0,"queue_size":100,"total_tasks":0}}
2025-03-28 14:32:50,067 - INFO - ℹ️  INFO - Updated task stats
2025-03-28 14:32:50,067 - INFO - ℹ️  INFO - Fetching task stats... for session: c252a4a1-bcb3-4472-8a2f-72f0c2e6299f
2025-03-28 14:32:50,088 - INFO - ℹ️  INFO - Received task stats response: {"code":0,"data":{"completion_percentage":0,"done":0,"failed":0,"list_failed":null,"list_result_done":[],"pending":0,"queue_size":100,"total_tasks":0}}
2025-03-28 14:32:53,749 - INFO - ℹ️  INFO - Updated task stats
2025-03-28 14:32:53,749 - INFO - ℹ️  INFO - Fetching task stats... for session: 30bac701-4831-4764-bf14-4860906b51c1
2025-03-28 14:32:53,768 - INFO - ℹ️  INFO - Received task stats response: {"code":0,"data":{"completion_percentage":0,"done":0,"failed":0,"list_failed":null,"list_result_done":[],"pending":0,"queue_size":100,"total_tasks":0}}
2025-03-28 14:32:55,681 - INFO - ℹ️  INFO - Updated task stats
2025-03-28 14:32:55,681 - INFO - ℹ️  INFO - Fetching task stats... for session: 0f223d26-cc48-468a-b82b-7f1fc8d5559e
2025-03-28 14:32:55,699 - INFO - ℹ️  INFO - Received task stats response: {"code":0,"data":{"completion_percentage":0,"done":0,"failed":0,"list_failed":null,"list_result_done":[],"pending":0,"queue_size":100,"total_tasks":0}}
2025-03-28 14:32:57,090 - INFO - ℹ️  INFO - Updated task stats
2025-03-28 14:32:57,091 - INFO - ℹ️  INFO - Fetching task stats... for session: c252a4a1-bcb3-4472-8a2f-72f0c2e6299f
2025-03-28 14:32:57,106 - INFO - ℹ️  INFO - Received task stats response: {"code":0,"data":{"completion_percentage":0,"done":0,"failed":0,"list_failed":null,"list_result_done":[],"pending":0,"queue_size":100,"total_tasks":0}}
2025-03-28 14:33:00,771 - INFO - ℹ️  INFO - Updated task stats
2025-03-28 14:33:00,771 - INFO - ℹ️  INFO - Fetching task stats... for session: 30bac701-4831-4764-bf14-4860906b51c1
2025-03-28 14:33:00,793 - INFO - ℹ️  INFO - Received task stats response: {"code":0,"data":{"completion_percentage":0,"done":0,"failed":0,"list_failed":null,"list_result_done":[],"pending":0,"queue_size":100,"total_tasks":0}}
2025-03-28 14:33:02,702 - INFO - ℹ️  INFO - Updated task stats
2025-03-28 14:33:02,702 - INFO - ℹ️  INFO - Fetching task stats... for session: 0f223d26-cc48-468a-b82b-7f1fc8d5559e
2025-03-28 14:33:02,719 - INFO - ℹ️  INFO - Received task stats response: {"code":0,"data":{"completion_percentage":0,"done":0,"failed":0,"list_failed":null,"list_result_done":[],"pending":0,"queue_size":100,"total_tasks":0}}
2025-03-28 14:33:04,108 - INFO - ℹ️  INFO - Updated task stats
2025-03-28 14:33:04,108 - INFO - ℹ️  INFO - Fetching task stats... for session: c252a4a1-bcb3-4472-8a2f-72f0c2e6299f
2025-03-28 14:33:04,126 - INFO - ℹ️  INFO - Received task stats response: {"code":0,"data":{"completion_percentage":0,"done":0,"failed":0,"list_failed":null,"list_result_done":[],"pending":0,"queue_size":100,"total_tasks":0}}
2025-03-28 14:33:07,795 - INFO - ℹ️  INFO - Updated task stats
2025-03-28 14:33:07,795 - INFO - ℹ️  INFO - Fetching task stats... for session: 30bac701-4831-4764-bf14-4860906b51c1
2025-03-28 14:33:07,820 - INFO - ℹ️  INFO - Received task stats response: {"code":0,"data":{"completion_percentage":0,"done":0,"failed":0,"list_failed":null,"list_result_done":[],"pending":0,"queue_size":100,"total_tasks":0}}
2025-03-28 14:33:09,721 - INFO - ℹ️  INFO - Updated task stats
2025-03-28 14:33:09,721 - INFO - ℹ️  INFO - Fetching task stats... for session: 0f223d26-cc48-468a-b82b-7f1fc8d5559e
2025-03-28 14:33:09,738 - INFO - ℹ️  INFO - Received task stats response: {"code":0,"data":{"completion_percentage":0,"done":0,"failed":0,"list_failed":null,"list_result_done":[],"pending":0,"queue_size":100,"total_tasks":0}}
2025-03-28 14:33:11,128 - INFO - ℹ️  INFO - Updated task stats
2025-03-28 14:33:11,128 - INFO - ℹ️  INFO - Fetching task stats... for session: c252a4a1-bcb3-4472-8a2f-72f0c2e6299f
2025-03-28 14:33:11,151 - INFO - ℹ️  INFO - Received task stats response: {"code":0,"data":{"completion_percentage":0,"done":0,"failed":0,"list_failed":null,"list_result_done":[],"pending":0,"queue_size":100,"total_tasks":0}}
2025-03-28 14:33:14,822 - INFO - ℹ️  INFO - Updated task stats
2025-03-28 14:33:14,822 - INFO - ℹ️  INFO - Fetching task stats... for session: 30bac701-4831-4764-bf14-4860906b51c1
2025-03-28 14:33:14,842 - INFO - ℹ️  INFO - Received task stats response: {"code":0,"data":{"completion_percentage":0,"done":0,"failed":0,"list_failed":null,"list_result_done":[],"pending":0,"queue_size":100,"total_tasks":0}}
2025-03-28 14:33:16,740 - INFO - ℹ️  INFO - Updated task stats
2025-03-28 14:33:16,740 - INFO - ℹ️  INFO - Fetching task stats... for session: 0f223d26-cc48-468a-b82b-7f1fc8d5559e
2025-03-28 14:33:16,768 - INFO - ℹ️  INFO - Received task stats response: {"code":0,"data":{"completion_percentage":0,"done":0,"failed":0,"list_failed":null,"list_result_done":[],"pending":0,"queue_size":100,"total_tasks":0}}
2025-03-28 14:33:18,153 - INFO - ℹ️  INFO - Updated task stats
2025-03-28 14:33:18,153 - INFO - ℹ️  INFO - Fetching task stats... for session: c252a4a1-bcb3-4472-8a2f-72f0c2e6299f
2025-03-28 14:33:18,171 - INFO - ℹ️  INFO - Received task stats response: {"code":0,"data":{"completion_percentage":0,"done":0,"failed":0,"list_failed":null,"list_result_done":[],"pending":0,"queue_size":100,"total_tasks":0}}
2025-03-28 14:33:21,846 - INFO - ℹ️  INFO - Updated task stats
2025-03-28 14:33:21,846 - INFO - ℹ️  INFO - Fetching task stats... for session: 30bac701-4831-4764-bf14-4860906b51c1
2025-03-28 14:33:21,865 - INFO - ℹ️  INFO - Received task stats response: {"code":0,"data":{"completion_percentage":0,"done":0,"failed":0,"list_failed":null,"list_result_done":[],"pending":0,"queue_size":100,"total_tasks":0}}
2025-03-28 14:33:23,770 - INFO - ℹ️  INFO - Updated task stats
2025-03-28 14:33:23,770 - INFO - ℹ️  INFO - Fetching task stats... for session: 0f223d26-cc48-468a-b82b-7f1fc8d5559e
2025-03-28 14:33:23,789 - INFO - ℹ️  INFO - Received task stats response: {"code":0,"data":{"completion_percentage":0,"done":0,"failed":0,"list_failed":null,"list_result_done":[],"pending":0,"queue_size":100,"total_tasks":0}}
2025-03-28 14:33:25,174 - INFO - ℹ️  INFO - Updated task stats
2025-03-28 14:33:25,174 - INFO - ℹ️  INFO - Fetching task stats... for session: c252a4a1-bcb3-4472-8a2f-72f0c2e6299f
2025-03-28 14:33:25,194 - INFO - ℹ️  INFO - Received task stats response: {"code":0,"data":{"completion_percentage":0,"done":0,"failed":0,"list_failed":null,"list_result_done":[],"pending":0,"queue_size":100,"total_tasks":0}}
2025-03-28 14:33:28,867 - INFO - ℹ️  INFO - Updated task stats
2025-03-28 14:33:28,867 - INFO - ℹ️  INFO - Fetching task stats... for session: 30bac701-4831-4764-bf14-4860906b51c1
2025-03-28 14:33:28,889 - INFO - ℹ️  INFO - Received task stats response: {"code":0,"data":{"completion_percentage":0,"done":0,"failed":0,"list_failed":null,"list_result_done":[],"pending":0,"queue_size":100,"total_tasks":0}}
2025-03-28 14:33:30,791 - INFO - ℹ️  INFO - Updated task stats
2025-03-28 14:33:30,791 - INFO - ℹ️  INFO - Fetching task stats... for session: 0f223d26-cc48-468a-b82b-7f1fc8d5559e
2025-03-28 14:33:30,808 - INFO - ℹ️  INFO - Received task stats response: {"code":0,"data":{"completion_percentage":0,"done":0,"failed":0,"list_failed":null,"list_result_done":[],"pending":0,"queue_size":100,"total_tasks":0}}
2025-03-28 14:33:32,196 - INFO - ℹ️  INFO - Updated task stats
2025-03-28 14:33:32,196 - INFO - ℹ️  INFO - Fetching task stats... for session: c252a4a1-bcb3-4472-8a2f-72f0c2e6299f
2025-03-28 14:33:32,213 - INFO - ℹ️  INFO - Received task stats response: {"code":0,"data":{"completion_percentage":0,"done":0,"failed":0,"list_failed":null,"list_result_done":[],"pending":0,"queue_size":100,"total_tasks":0}}
2025-03-28 14:33:35,891 - INFO - ℹ️  INFO - Updated task stats
2025-03-28 14:33:35,891 - INFO - ℹ️  INFO - Fetching task stats... for session: 30bac701-4831-4764-bf14-4860906b51c1
2025-03-28 14:33:35,908 - INFO - ℹ️  INFO - Received task stats response: {"code":0,"data":{"completion_percentage":0,"done":0,"failed":0,"list_failed":null,"list_result_done":[],"pending":0,"queue_size":100,"total_tasks":0}}
2025-03-28 14:33:37,811 - INFO - ℹ️  INFO - Updated task stats
2025-03-28 14:33:37,811 - INFO - ℹ️  INFO - Fetching task stats... for session: 0f223d26-cc48-468a-b82b-7f1fc8d5559e
2025-03-28 14:33:37,831 - INFO - ℹ️  INFO - Received task stats response: {"code":0,"data":{"completion_percentage":0,"done":0,"failed":0,"list_failed":null,"list_result_done":[],"pending":0,"queue_size":100,"total_tasks":0}}
2025-03-28 14:33:39,215 - INFO - ℹ️  INFO - Updated task stats
2025-03-28 14:33:39,215 - INFO - ℹ️  INFO - Fetching task stats... for session: c252a4a1-bcb3-4472-8a2f-72f0c2e6299f
2025-03-28 14:33:39,229 - INFO - ℹ️  INFO - Received task stats response: {"code":0,"data":{"completion_percentage":0,"done":0,"failed":0,"list_failed":null,"list_result_done":[],"pending":0,"queue_size":100,"total_tasks":0}}
2025-03-28 14:33:42,911 - INFO - ℹ️  INFO - Updated task stats
2025-03-28 14:33:42,912 - INFO - ℹ️  INFO - Fetching task stats... for session: 30bac701-4831-4764-bf14-4860906b51c1
2025-03-28 14:33:42,935 - INFO - ℹ️  INFO - Received task stats response: {"code":0,"data":{"completion_percentage":0,"done":0,"failed":0,"list_failed":null,"list_result_done":[],"pending":0,"queue_size":100,"total_tasks":0}}
2025-03-28 14:33:44,833 - INFO - ℹ️  INFO - Updated task stats
2025-03-28 14:33:44,833 - INFO - ℹ️  INFO - Fetching task stats... for session: 0f223d26-cc48-468a-b82b-7f1fc8d5559e
2025-03-28 14:33:44,850 - INFO - ℹ️  INFO - Received task stats response: {"code":0,"data":{"completion_percentage":0,"done":0,"failed":0,"list_failed":null,"list_result_done":[],"pending":0,"queue_size":100,"total_tasks":0}}
2025-03-28 14:33:46,232 - INFO - ℹ️  INFO - Updated task stats
2025-03-28 14:33:46,232 - INFO - ℹ️  INFO - Fetching task stats... for session: c252a4a1-bcb3-4472-8a2f-72f0c2e6299f
2025-03-28 14:33:46,249 - INFO - ℹ️  INFO - Received task stats response: {"code":0,"data":{"completion_percentage":0,"done":0,"failed":0,"list_failed":null,"list_result_done":[],"pending":0,"queue_size":100,"total_tasks":0}}
2025-03-28 14:33:49,937 - INFO - ℹ️  INFO - Updated task stats
2025-03-28 14:33:49,937 - INFO - ℹ️  INFO - Fetching task stats... for session: 30bac701-4831-4764-bf14-4860906b51c1
2025-03-28 14:33:49,954 - INFO - ℹ️  INFO - Received task stats response: {"code":0,"data":{"completion_percentage":0,"done":0,"failed":0,"list_failed":null,"list_result_done":[],"pending":0,"queue_size":100,"total_tasks":0}}
2025-03-28 14:33:51,853 - INFO - ℹ️  INFO - Updated task stats
2025-03-28 14:33:51,853 - INFO - ℹ️  INFO - Fetching task stats... for session: 0f223d26-cc48-468a-b82b-7f1fc8d5559e
2025-03-28 14:33:51,876 - INFO - ℹ️  INFO - Received task stats response: {"code":0,"data":{"completion_percentage":0,"done":0,"failed":0,"list_failed":null,"list_result_done":[],"pending":0,"queue_size":100,"total_tasks":0}}
2025-03-28 14:33:53,252 - INFO - ℹ️  INFO - Updated task stats
2025-03-28 14:33:53,252 - INFO - ℹ️  INFO - Fetching task stats... for session: c252a4a1-bcb3-4472-8a2f-72f0c2e6299f
2025-03-28 14:33:53,297 - INFO - ℹ️  INFO - Received task stats response: {"code":0,"data":{"completion_percentage":0,"done":0,"failed":0,"list_failed":null,"list_result_done":[],"pending":0,"queue_size":100,"total_tasks":0}}
2025-03-28 14:33:56,957 - INFO - ℹ️  INFO - Updated task stats
2025-03-28 14:33:56,957 - INFO - ℹ️  INFO - Fetching task stats... for session: 30bac701-4831-4764-bf14-4860906b51c1
2025-03-28 14:33:56,975 - INFO - ℹ️  INFO - Received task stats response: {"code":0,"data":{"completion_percentage":0,"done":0,"failed":0,"list_failed":null,"list_result_done":[],"pending":0,"queue_size":100,"total_tasks":0}}
2025-03-28 14:33:57,896 - INFO - ℹ️  INFO - New chat session starting
2025-03-28 14:33:57,897 - INFO - ℹ️  INFO - Created user_id: c9389810-f842-4ca3-80a7-776dc3aa56d5, session_id: 68c638e5-d618-40b0-86a7-794da3aeaed8
2025-03-28 14:33:57,897 - INFO - ℹ️  INFO - Forced token refresh for RX Supervisor on session start
2025-03-28 14:33:57,899 - INFO - ℹ️  INFO - Chat session started successfully
2025-03-28 14:33:57,900 - INFO - ℹ️  INFO - Initialized sidebar with empty progress bar
2025-03-28 14:33:57,900 - INFO - ℹ️  INFO - Started background task for updating task statistics
2025-03-28 14:33:57,901 - INFO - ℹ️  INFO - Fetching task stats... for session: 68c638e5-d618-40b0-86a7-794da3aeaed8
2025-03-28 14:33:58,121 - INFO - ℹ️  INFO - Received task stats response: {"code":0,"data":{"completion_percentage":0,"done":0,"failed":0,"list_failed":null,"list_result_done":[],"pending":0,"queue_size":100,"total_tasks":0}}
2025-03-28 14:33:58,879 - INFO - ℹ️  INFO - Updated task stats
2025-03-28 14:33:58,879 - INFO - ℹ️  INFO - Fetching task stats... for session: 0f223d26-cc48-468a-b82b-7f1fc8d5559e
2025-03-28 14:33:58,895 - INFO - ℹ️  INFO - Received task stats response: {"code":0,"data":{"completion_percentage":0,"done":0,"failed":0,"list_failed":null,"list_result_done":[],"pending":0,"queue_size":100,"total_tasks":0}}
2025-03-28 14:34:00,301 - INFO - ℹ️  INFO - Updated task stats
2025-03-28 14:34:00,301 - INFO - ℹ️  INFO - Fetching task stats... for session: c252a4a1-bcb3-4472-8a2f-72f0c2e6299f
2025-03-28 14:34:00,321 - INFO - ℹ️  INFO - Received task stats response: {"code":0,"data":{"completion_percentage":0,"done":0,"failed":0,"list_failed":null,"list_result_done":[],"pending":0,"queue_size":100,"total_tasks":0}}
2025-03-28 14:34:02,625 - INFO - ℹ️  INFO - Processing message for user: c9389810-f842-4ca3-80a7-776dc3aa56d5, session: 68c638e5-d618-40b0-86a7-794da3aeaed8
2025-03-28 14:34:03,428 - INFO - INFO - 
** CLASSIFIED INTENT **
2025-03-28 14:34:03,429 - INFO - =======================
2025-03-28 14:34:03,429 - INFO - ℹ️  INFO - > Text: Hello
2025-03-28 14:34:03,429 - INFO - ℹ️  INFO - > Selected Agent: No agent selected
2025-03-28 14:34:03,429 - INFO - ℹ️  INFO - > Confidence: 0.50
2025-03-28 14:34:03,429 - INFO - ℹ️  INFO - 
2025-03-28 14:34:03,429 - INFO - ℹ️  INFO - Using default agent as no agent was selected
2025-03-28 14:34:03,429 - INFO - INFO - 
** AGENT GENERAL-AGENT CHAT HISTORY **
2025-03-28 14:34:03,429 - INFO - ======================================
2025-03-28 14:34:03,429 - INFO - > - None -
2025-03-28 14:34:03,429 - INFO - 
2025-03-28 14:34:03,999 - INFO - INFO - 
** EXECUTION TIMES **
2025-03-28 14:34:03,999 - INFO - =====================
2025-03-28 14:34:03,999 - INFO - > Classifying user intent: 0.7793548107147217s
2025-03-28 14:34:04,000 - INFO - > Agent General Agent | Processing request: 0.5698657035827637s
2025-03-28 14:34:04,000 - INFO - 
2025-03-28 14:34:04,000 - INFO - ℹ️  INFO - Received response from orchestrator for user: c9389810-f842-4ca3-80a7-776dc3aa56d5
2025-03-28 14:34:04,046 - INFO - ℹ️  INFO - Updated task stats
2025-03-28 14:34:04,046 - INFO - ℹ️  INFO - Fetching task stats... for session: 30bac701-4831-4764-bf14-4860906b51c1
2025-03-28 14:34:04,067 - INFO - ℹ️  INFO - Received task stats response: {"code":0,"data":{"completion_percentage":0,"done":0,"failed":0,"list_failed":null,"list_result_done":[],"pending":0,"queue_size":100,"total_tasks":0}}
2025-03-28 14:34:05,124 - INFO - ℹ️  INFO - Updated task stats
2025-03-28 14:34:05,124 - INFO - ℹ️  INFO - Fetching task stats... for session: 68c638e5-d618-40b0-86a7-794da3aeaed8
2025-03-28 14:34:05,141 - INFO - ℹ️  INFO - Received task stats response: {"code":0,"data":{"completion_percentage":0,"done":0,"failed":0,"list_failed":null,"list_result_done":[],"pending":0,"queue_size":100,"total_tasks":0}}
2025-03-28 14:34:05,898 - INFO - ℹ️  INFO - Updated task stats
2025-03-28 14:34:05,898 - INFO - ℹ️  INFO - Fetching task stats... for session: 0f223d26-cc48-468a-b82b-7f1fc8d5559e
2025-03-28 14:34:05,914 - INFO - ℹ️  INFO - Received task stats response: {"code":0,"data":{"completion_percentage":0,"done":0,"failed":0,"list_failed":null,"list_result_done":[],"pending":0,"queue_size":100,"total_tasks":0}}
2025-03-28 14:34:07,324 - INFO - ℹ️  INFO - Updated task stats
2025-03-28 14:34:07,324 - INFO - ℹ️  INFO - Fetching task stats... for session: c252a4a1-bcb3-4472-8a2f-72f0c2e6299f
2025-03-28 14:34:07,341 - INFO - ℹ️  INFO - Received task stats response: {"code":0,"data":{"completion_percentage":0,"done":0,"failed":0,"list_failed":null,"list_result_done":[],"pending":0,"queue_size":100,"total_tasks":0}}
2025-03-28 14:34:09,190 - INFO - ℹ️  INFO - Processing message for user: c9389810-f842-4ca3-80a7-776dc3aa56d5, session: 68c638e5-d618-40b0-86a7-794da3aeaed8
2025-03-28 14:34:10,173 - INFO - INFO - 
** CLASSIFIED INTENT **
2025-03-28 14:34:10,173 - INFO - =======================
2025-03-28 14:34:10,173 - INFO - ℹ️  INFO - > Text: Nice
2025-03-28 14:34:10,173 - INFO - ℹ️  INFO - > Selected Agent: No agent selected
2025-03-28 14:34:10,173 - INFO - ℹ️  INFO - > Confidence: 0.90
2025-03-28 14:34:10,173 - INFO - ℹ️  INFO - 
2025-03-28 14:34:10,173 - INFO - ℹ️  INFO - Using default agent as no agent was selected
2025-03-28 14:34:10,174 - INFO - INFO - 
** AGENT GENERAL-AGENT CHAT HISTORY **
2025-03-28 14:34:10,174 - INFO - ======================================
2025-03-28 14:34:10,174 - INFO - > 1. USER: Hello
2025-03-28 14:34:10,174 - INFO - > 2. ASSISTANT: <\startagent>[General Agent] [General Agent] Hello! How can I assist you today?
...
2025-03-28 14:34:10,174 - INFO - 
2025-03-28 14:34:10,972 - INFO - INFO - 
** EXECUTION TIMES **
2025-03-28 14:34:10,972 - INFO - =====================
2025-03-28 14:34:10,972 - INFO - > Classifying user intent: 0.9599597454071045s
2025-03-28 14:34:10,972 - INFO - > Agent General Agent | Processing request: 0.7982556819915771s
2025-03-28 14:34:10,972 - INFO - 
2025-03-28 14:34:10,973 - INFO - ℹ️  INFO - Received response from orchestrator for user: c9389810-f842-4ca3-80a7-776dc3aa56d5
2025-03-28 14:34:11,069 - INFO - ℹ️  INFO - Updated task stats
2025-03-28 14:34:11,069 - INFO - ℹ️  INFO - Fetching task stats... for session: 30bac701-4831-4764-bf14-4860906b51c1
2025-03-28 14:34:11,089 - INFO - ℹ️  INFO - Received task stats response: {"code":0,"data":{"completion_percentage":0,"done":0,"failed":0,"list_failed":null,"list_result_done":[],"pending":0,"queue_size":100,"total_tasks":0}}
2025-03-28 14:34:12,143 - INFO - ℹ️  INFO - Updated task stats
2025-03-28 14:34:12,143 - INFO - ℹ️  INFO - Fetching task stats... for session: 68c638e5-d618-40b0-86a7-794da3aeaed8
2025-03-28 14:34:12,159 - INFO - ℹ️  INFO - Received task stats response: {"code":0,"data":{"completion_percentage":0,"done":0,"failed":0,"list_failed":null,"list_result_done":[],"pending":0,"queue_size":100,"total_tasks":0}}
2025-03-28 14:34:12,917 - INFO - ℹ️  INFO - Updated task stats
2025-03-28 14:34:12,917 - INFO - ℹ️  INFO - Fetching task stats... for session: 0f223d26-cc48-468a-b82b-7f1fc8d5559e
2025-03-28 14:34:12,933 - INFO - ℹ️  INFO - Received task stats response: {"code":0,"data":{"completion_percentage":0,"done":0,"failed":0,"list_failed":null,"list_result_done":[],"pending":0,"queue_size":100,"total_tasks":0}}
2025-03-28 14:34:14,343 - INFO - ℹ️  INFO - Updated task stats
2025-03-28 14:34:14,343 - INFO - ℹ️  INFO - Fetching task stats... for session: c252a4a1-bcb3-4472-8a2f-72f0c2e6299f
2025-03-28 14:34:14,359 - INFO - ℹ️  INFO - Received task stats response: {"code":0,"data":{"completion_percentage":0,"done":0,"failed":0,"list_failed":null,"list_result_done":[],"pending":0,"queue_size":100,"total_tasks":0}}
2025-03-28 14:34:18,091 - INFO - ℹ️  INFO - Updated task stats
2025-03-28 14:34:18,091 - INFO - ℹ️  INFO - Fetching task stats... for session: 30bac701-4831-4764-bf14-4860906b51c1
2025-03-28 14:34:18,116 - INFO - ℹ️  INFO - Received task stats response: {"code":0,"data":{"completion_percentage":0,"done":0,"failed":0,"list_failed":null,"list_result_done":[],"pending":0,"queue_size":100,"total_tasks":0}}
2025-03-28 14:34:19,162 - INFO - ℹ️  INFO - Updated task stats
2025-03-28 14:34:19,162 - INFO - ℹ️  INFO - Fetching task stats... for session: 68c638e5-d618-40b0-86a7-794da3aeaed8
2025-03-28 14:34:19,179 - INFO - ℹ️  INFO - Received task stats response: {"code":0,"data":{"completion_percentage":0,"done":0,"failed":0,"list_failed":null,"list_result_done":[],"pending":0,"queue_size":100,"total_tasks":0}}
2025-03-28 14:34:19,936 - INFO - ℹ️  INFO - Updated task stats
2025-03-28 14:34:19,936 - INFO - ℹ️  INFO - Fetching task stats... for session: 0f223d26-cc48-468a-b82b-7f1fc8d5559e
2025-03-28 14:34:19,959 - INFO - ℹ️  INFO - Received task stats response: {"code":0,"data":{"completion_percentage":0,"done":0,"failed":0,"list_failed":null,"list_result_done":[],"pending":0,"queue_size":100,"total_tasks":0}}
2025-03-28 14:34:21,362 - INFO - ℹ️  INFO - Updated task stats
2025-03-28 14:34:21,362 - INFO - ℹ️  INFO - Fetching task stats... for session: c252a4a1-bcb3-4472-8a2f-72f0c2e6299f
2025-03-28 14:34:21,380 - INFO - ℹ️  INFO - Received task stats response: {"code":0,"data":{"completion_percentage":0,"done":0,"failed":0,"list_failed":null,"list_result_done":[],"pending":0,"queue_size":100,"total_tasks":0}}
2025-03-28 14:34:25,119 - INFO - ℹ️  INFO - Updated task stats
2025-03-28 14:34:25,119 - INFO - ℹ️  INFO - Fetching task stats... for session: 30bac701-4831-4764-bf14-4860906b51c1
2025-03-28 14:34:25,137 - INFO - ℹ️  INFO - Received task stats response: {"code":0,"data":{"completion_percentage":0,"done":0,"failed":0,"list_failed":null,"list_result_done":[],"pending":0,"queue_size":100,"total_tasks":0}}
2025-03-28 14:34:26,181 - INFO - ℹ️  INFO - Updated task stats
2025-03-28 14:34:26,182 - INFO - ℹ️  INFO - Fetching task stats... for session: 68c638e5-d618-40b0-86a7-794da3aeaed8
2025-03-28 14:34:26,198 - INFO - ℹ️  INFO - Received task stats response: {"code":0,"data":{"completion_percentage":0,"done":0,"failed":0,"list_failed":null,"list_result_done":[],"pending":0,"queue_size":100,"total_tasks":0}}
2025-03-28 14:34:26,961 - INFO - ℹ️  INFO - Updated task stats
2025-03-28 14:34:26,961 - INFO - ℹ️  INFO - Fetching task stats... for session: 0f223d26-cc48-468a-b82b-7f1fc8d5559e
2025-03-28 14:34:26,984 - INFO - ℹ️  INFO - Received task stats response: {"code":0,"data":{"completion_percentage":0,"done":0,"failed":0,"list_failed":null,"list_result_done":[],"pending":0,"queue_size":100,"total_tasks":0}}
2025-03-28 14:34:28,382 - INFO - ℹ️  INFO - Updated task stats
2025-03-28 14:34:28,382 - INFO - ℹ️  INFO - Fetching task stats... for session: c252a4a1-bcb3-4472-8a2f-72f0c2e6299f
2025-03-28 14:34:28,402 - INFO - ℹ️  INFO - Received task stats response: {"code":0,"data":{"completion_percentage":0,"done":0,"failed":0,"list_failed":null,"list_result_done":[],"pending":0,"queue_size":100,"total_tasks":0}}
2025-03-28 14:34:32,139 - INFO - ℹ️  INFO - Updated task stats
2025-03-28 14:34:32,140 - INFO - ℹ️  INFO - Fetching task stats... for session: 30bac701-4831-4764-bf14-4860906b51c1
2025-03-28 14:34:32,162 - INFO - ℹ️  INFO - Received task stats response: {"code":0,"data":{"completion_percentage":0,"done":0,"failed":0,"list_failed":null,"list_result_done":[],"pending":0,"queue_size":100,"total_tasks":0}}
2025-03-28 14:34:33,201 - INFO - ℹ️  INFO - Updated task stats
2025-03-28 14:34:33,201 - INFO - ℹ️  INFO - Fetching task stats... for session: 68c638e5-d618-40b0-86a7-794da3aeaed8
2025-03-28 14:34:33,223 - INFO - ℹ️  INFO - Received task stats response: {"code":0,"data":{"completion_percentage":0,"done":0,"failed":0,"list_failed":null,"list_result_done":[],"pending":0,"queue_size":100,"total_tasks":0}}
2025-03-28 14:34:33,987 - INFO - ℹ️  INFO - Updated task stats
2025-03-28 14:34:33,987 - INFO - ℹ️  INFO - Fetching task stats... for session: 0f223d26-cc48-468a-b82b-7f1fc8d5559e
2025-03-28 14:34:34,004 - INFO - ℹ️  INFO - Received task stats response: {"code":0,"data":{"completion_percentage":0,"done":0,"failed":0,"list_failed":null,"list_result_done":[],"pending":0,"queue_size":100,"total_tasks":0}}
2025-03-28 14:34:35,405 - INFO - ℹ️  INFO - Updated task stats
2025-03-28 14:34:35,405 - INFO - ℹ️  INFO - Fetching task stats... for session: c252a4a1-bcb3-4472-8a2f-72f0c2e6299f
2025-03-28 14:34:35,425 - INFO - ℹ️  INFO - Received task stats response: {"code":0,"data":{"completion_percentage":0,"done":0,"failed":0,"list_failed":null,"list_result_done":[],"pending":0,"queue_size":100,"total_tasks":0}}
2025-03-28 14:34:39,164 - INFO - ℹ️  INFO - Updated task stats
2025-03-28 14:34:39,164 - INFO - ℹ️  INFO - Fetching task stats... for session: 30bac701-4831-4764-bf14-4860906b51c1
2025-03-28 14:34:39,182 - INFO - ℹ️  INFO - Received task stats response: {"code":0,"data":{"completion_percentage":0,"done":0,"failed":0,"list_failed":null,"list_result_done":[],"pending":0,"queue_size":100,"total_tasks":0}}
2025-03-28 14:34:40,225 - INFO - ℹ️  INFO - Updated task stats
2025-03-28 14:34:40,226 - INFO - ℹ️  INFO - Fetching task stats... for session: 68c638e5-d618-40b0-86a7-794da3aeaed8
2025-03-28 14:34:40,241 - INFO - ℹ️  INFO - Received task stats response: {"code":0,"data":{"completion_percentage":0,"done":0,"failed":0,"list_failed":null,"list_result_done":[],"pending":0,"queue_size":100,"total_tasks":0}}
2025-03-28 14:34:41,006 - INFO - ℹ️  INFO - Updated task stats
2025-03-28 14:34:41,006 - INFO - ℹ️  INFO - Fetching task stats... for session: 0f223d26-cc48-468a-b82b-7f1fc8d5559e
2025-03-28 14:34:41,024 - INFO - ℹ️  INFO - Received task stats response: {"code":0,"data":{"completion_percentage":0,"done":0,"failed":0,"list_failed":null,"list_result_done":[],"pending":0,"queue_size":100,"total_tasks":0}}
2025-03-28 14:34:42,428 - INFO - ℹ️  INFO - Updated task stats
2025-03-28 14:34:42,428 - INFO - ℹ️  INFO - Fetching task stats... for session: c252a4a1-bcb3-4472-8a2f-72f0c2e6299f
2025-03-28 14:34:42,443 - INFO - ℹ️  INFO - Received task stats response: {"code":0,"data":{"completion_percentage":0,"done":0,"failed":0,"list_failed":null,"list_result_done":[],"pending":0,"queue_size":100,"total_tasks":0}}
2025-03-28 14:34:46,185 - INFO - ℹ️  INFO - Updated task stats
2025-03-28 14:34:46,185 - INFO - ℹ️  INFO - Fetching task stats... for session: 30bac701-4831-4764-bf14-4860906b51c1
2025-03-28 14:34:46,202 - INFO - ℹ️  INFO - Received task stats response: {"code":0,"data":{"completion_percentage":0,"done":0,"failed":0,"list_failed":null,"list_result_done":[],"pending":0,"queue_size":100,"total_tasks":0}}
2025-03-28 14:34:47,244 - INFO - ℹ️  INFO - Updated task stats
2025-03-28 14:34:47,244 - INFO - ℹ️  INFO - Fetching task stats... for session: 68c638e5-d618-40b0-86a7-794da3aeaed8
2025-03-28 14:34:47,260 - INFO - ℹ️  INFO - Received task stats response: {"code":0,"data":{"completion_percentage":0,"done":0,"failed":0,"list_failed":null,"list_result_done":[],"pending":0,"queue_size":100,"total_tasks":0}}
2025-03-28 14:34:48,026 - INFO - ℹ️  INFO - Updated task stats
2025-03-28 14:34:48,027 - INFO - ℹ️  INFO - Fetching task stats... for session: 0f223d26-cc48-468a-b82b-7f1fc8d5559e
2025-03-28 14:34:48,044 - INFO - ℹ️  INFO - Received task stats response: {"code":0,"data":{"completion_percentage":0,"done":0,"failed":0,"list_failed":null,"list_result_done":[],"pending":0,"queue_size":100,"total_tasks":0}}
2025-03-28 14:34:49,445 - INFO - ℹ️  INFO - Updated task stats
2025-03-28 14:34:49,446 - INFO - ℹ️  INFO - Fetching task stats... for session: c252a4a1-bcb3-4472-8a2f-72f0c2e6299f
2025-03-28 14:34:49,465 - INFO - ℹ️  INFO - Received task stats response: {"code":0,"data":{"completion_percentage":0,"done":0,"failed":0,"list_failed":null,"list_result_done":[],"pending":0,"queue_size":100,"total_tasks":0}}
2025-03-28 14:34:53,204 - INFO - ℹ️  INFO - Updated task stats
2025-03-28 14:34:53,204 - INFO - ℹ️  INFO - Fetching task stats... for session: 30bac701-4831-4764-bf14-4860906b51c1
2025-03-28 14:34:53,227 - INFO - ℹ️  INFO - Received task stats response: {"code":0,"data":{"completion_percentage":0,"done":0,"failed":0,"list_failed":null,"list_result_done":[],"pending":0,"queue_size":100,"total_tasks":0}}
2025-03-28 14:34:54,263 - INFO - ℹ️  INFO - Updated task stats
2025-03-28 14:34:54,263 - INFO - ℹ️  INFO - Fetching task stats... for session: 68c638e5-d618-40b0-86a7-794da3aeaed8
2025-03-28 14:34:54,280 - INFO - ℹ️  INFO - Received task stats response: {"code":0,"data":{"completion_percentage":0,"done":0,"failed":0,"list_failed":null,"list_result_done":[],"pending":0,"queue_size":100,"total_tasks":0}}
2025-03-28 14:34:55,047 - INFO - ℹ️  INFO - Updated task stats
2025-03-28 14:34:55,047 - INFO - ℹ️  INFO - Fetching task stats... for session: 0f223d26-cc48-468a-b82b-7f1fc8d5559e
2025-03-28 14:34:55,063 - INFO - ℹ️  INFO - Received task stats response: {"code":0,"data":{"completion_percentage":0,"done":0,"failed":0,"list_failed":null,"list_result_done":[],"pending":0,"queue_size":100,"total_tasks":0}}
2025-03-28 14:34:56,467 - INFO - ℹ️  INFO - Updated task stats
2025-03-28 14:34:56,467 - INFO - ℹ️  INFO - Fetching task stats... for session: c252a4a1-bcb3-4472-8a2f-72f0c2e6299f
2025-03-28 14:34:56,482 - INFO - ℹ️  INFO - Received task stats response: {"code":0,"data":{"completion_percentage":0,"done":0,"failed":0,"list_failed":null,"list_result_done":[],"pending":0,"queue_size":100,"total_tasks":0}}
2025-03-28 14:35:00,229 - INFO - ℹ️  INFO - Updated task stats
2025-03-28 14:35:00,229 - INFO - ℹ️  INFO - Fetching task stats... for session: 30bac701-4831-4764-bf14-4860906b51c1
2025-03-28 14:35:00,259 - INFO - ℹ️  INFO - Received task stats response: {"code":0,"data":{"completion_percentage":0,"done":0,"failed":0,"list_failed":null,"list_result_done":[],"pending":0,"queue_size":100,"total_tasks":0}}
2025-03-28 14:35:01,282 - INFO - ℹ️  INFO - Updated task stats
2025-03-28 14:35:01,282 - INFO - ℹ️  INFO - Fetching task stats... for session: 68c638e5-d618-40b0-86a7-794da3aeaed8
2025-03-28 14:35:01,306 - INFO - ℹ️  INFO - Received task stats response: {"code":0,"data":{"completion_percentage":0,"done":0,"failed":0,"list_failed":null,"list_result_done":[],"pending":0,"queue_size":100,"total_tasks":0}}
2025-03-28 14:35:02,066 - INFO - ℹ️  INFO - Updated task stats
2025-03-28 14:35:02,066 - INFO - ℹ️  INFO - Fetching task stats... for session: 0f223d26-cc48-468a-b82b-7f1fc8d5559e
2025-03-28 14:35:02,098 - INFO - ℹ️  INFO - Received task stats response: {"code":0,"data":{"completion_percentage":0,"done":0,"failed":0,"list_failed":null,"list_result_done":[],"pending":0,"queue_size":100,"total_tasks":0}}
2025-03-28 14:35:03,485 - INFO - ℹ️  INFO - Updated task stats
2025-03-28 14:35:03,485 - INFO - ℹ️  INFO - Fetching task stats... for session: c252a4a1-bcb3-4472-8a2f-72f0c2e6299f
2025-03-28 14:35:03,500 - INFO - ℹ️  INFO - Received task stats response: {"code":0,"data":{"completion_percentage":0,"done":0,"failed":0,"list_failed":null,"list_result_done":[],"pending":0,"queue_size":100,"total_tasks":0}}
2025-03-28 14:35:07,261 - INFO - ℹ️  INFO - Updated task stats
2025-03-28 14:35:07,261 - INFO - ℹ️  INFO - Fetching task stats... for session: 30bac701-4831-4764-bf14-4860906b51c1
2025-03-28 14:35:07,316 - INFO - ℹ️  INFO - Received task stats response: {"code":0,"data":{"completion_percentage":0,"done":0,"failed":0,"list_failed":null,"list_result_done":[],"pending":0,"queue_size":100,"total_tasks":0}}
2025-03-28 14:35:08,308 - INFO - ℹ️  INFO - Updated task stats
2025-03-28 14:35:08,308 - INFO - ℹ️  INFO - Fetching task stats... for session: 68c638e5-d618-40b0-86a7-794da3aeaed8
2025-03-28 14:35:08,329 - INFO - ℹ️  INFO - Received task stats response: {"code":0,"data":{"completion_percentage":0,"done":0,"failed":0,"list_failed":null,"list_result_done":[],"pending":0,"queue_size":100,"total_tasks":0}}
2025-03-28 14:35:09,101 - INFO - ℹ️  INFO - Updated task stats
2025-03-28 14:35:09,101 - INFO - ℹ️  INFO - Fetching task stats... for session: 0f223d26-cc48-468a-b82b-7f1fc8d5559e
2025-03-28 14:35:09,119 - INFO - ℹ️  INFO - Received task stats response: {"code":0,"data":{"completion_percentage":0,"done":0,"failed":0,"list_failed":null,"list_result_done":[],"pending":0,"queue_size":100,"total_tasks":0}}
2025-03-28 14:35:10,502 - INFO - ℹ️  INFO - Updated task stats
2025-03-28 14:35:10,503 - INFO - ℹ️  INFO - Fetching task stats... for session: c252a4a1-bcb3-4472-8a2f-72f0c2e6299f
2025-03-28 14:35:10,523 - INFO - ℹ️  INFO - Received task stats response: {"code":0,"data":{"completion_percentage":0,"done":0,"failed":0,"list_failed":null,"list_result_done":[],"pending":0,"queue_size":100,"total_tasks":0}}
2025-03-28 14:35:14,318 - INFO - ℹ️  INFO - Updated task stats
2025-03-28 14:35:14,318 - INFO - ℹ️  INFO - Fetching task stats... for session: 30bac701-4831-4764-bf14-4860906b51c1
2025-03-28 14:35:14,336 - INFO - ℹ️  INFO - Received task stats response: {"code":0,"data":{"completion_percentage":0,"done":0,"failed":0,"list_failed":null,"list_result_done":[],"pending":0,"queue_size":100,"total_tasks":0}}
2025-03-28 14:35:15,330 - INFO - ℹ️  INFO - Updated task stats
2025-03-28 14:35:15,331 - INFO - ℹ️  INFO - Fetching task stats... for session: 68c638e5-d618-40b0-86a7-794da3aeaed8
2025-03-28 14:35:15,348 - INFO - ℹ️  INFO - Received task stats response: {"code":0,"data":{"completion_percentage":0,"done":0,"failed":0,"list_failed":null,"list_result_done":[],"pending":0,"queue_size":100,"total_tasks":0}}
2025-03-28 14:35:16,121 - INFO - ℹ️  INFO - Updated task stats
2025-03-28 14:35:16,122 - INFO - ℹ️  INFO - Fetching task stats... for session: 0f223d26-cc48-468a-b82b-7f1fc8d5559e
2025-03-28 14:35:16,139 - INFO - ℹ️  INFO - Received task stats response: {"code":0,"data":{"completion_percentage":0,"done":0,"failed":0,"list_failed":null,"list_result_done":[],"pending":0,"queue_size":100,"total_tasks":0}}
2025-03-28 14:35:17,525 - INFO - ℹ️  INFO - Updated task stats
2025-03-28 14:35:17,525 - INFO - ℹ️  INFO - Fetching task stats... for session: c252a4a1-bcb3-4472-8a2f-72f0c2e6299f
2025-03-28 14:35:17,541 - INFO - ℹ️  INFO - Received task stats response: {"code":0,"data":{"completion_percentage":0,"done":0,"failed":0,"list_failed":null,"list_result_done":[],"pending":0,"queue_size":100,"total_tasks":0}}
2025-03-28 14:35:21,339 - INFO - ℹ️  INFO - Updated task stats
2025-03-28 14:35:21,339 - INFO - ℹ️  INFO - Fetching task stats... for session: 30bac701-4831-4764-bf14-4860906b51c1
2025-03-28 14:35:21,358 - INFO - ℹ️  INFO - Received task stats response: {"code":0,"data":{"completion_percentage":0,"done":0,"failed":0,"list_failed":null,"list_result_done":[],"pending":0,"queue_size":100,"total_tasks":0}}
2025-03-28 14:35:22,351 - INFO - ℹ️  INFO - Updated task stats
2025-03-28 14:35:22,351 - INFO - ℹ️  INFO - Fetching task stats... for session: 68c638e5-d618-40b0-86a7-794da3aeaed8
2025-03-28 14:35:22,369 - INFO - ℹ️  INFO - Received task stats response: {"code":0,"data":{"completion_percentage":0,"done":0,"failed":0,"list_failed":null,"list_result_done":[],"pending":0,"queue_size":100,"total_tasks":0}}
2025-03-28 14:35:23,142 - INFO - ℹ️  INFO - Updated task stats
2025-03-28 14:35:23,142 - INFO - ℹ️  INFO - Fetching task stats... for session: 0f223d26-cc48-468a-b82b-7f1fc8d5559e
2025-03-28 14:35:23,160 - INFO - ℹ️  INFO - Received task stats response: {"code":0,"data":{"completion_percentage":0,"done":0,"failed":0,"list_failed":null,"list_result_done":[],"pending":0,"queue_size":100,"total_tasks":0}}
2025-03-28 14:35:24,543 - INFO - ℹ️  INFO - Updated task stats
2025-03-28 14:35:24,543 - INFO - ℹ️  INFO - Fetching task stats... for session: c252a4a1-bcb3-4472-8a2f-72f0c2e6299f
2025-03-28 14:35:24,558 - INFO - ℹ️  INFO - Received task stats response: {"code":0,"data":{"completion_percentage":0,"done":0,"failed":0,"list_failed":null,"list_result_done":[],"pending":0,"queue_size":100,"total_tasks":0}}
2025-03-28 14:35:28,362 - INFO - ℹ️  INFO - Updated task stats
2025-03-28 14:35:28,362 - INFO - ℹ️  INFO - Fetching task stats... for session: 30bac701-4831-4764-bf14-4860906b51c1
2025-03-28 14:35:28,386 - INFO - ℹ️  INFO - Received task stats response: {"code":0,"data":{"completion_percentage":0,"done":0,"failed":0,"list_failed":null,"list_result_done":[],"pending":0,"queue_size":100,"total_tasks":0}}
2025-03-28 14:35:29,370 - INFO - ℹ️  INFO - Updated task stats
2025-03-28 14:35:29,370 - INFO - ℹ️  INFO - Fetching task stats... for session: 68c638e5-d618-40b0-86a7-794da3aeaed8
2025-03-28 14:35:29,388 - INFO - ℹ️  INFO - Received task stats response: {"code":0,"data":{"completion_percentage":0,"done":0,"failed":0,"list_failed":null,"list_result_done":[],"pending":0,"queue_size":100,"total_tasks":0}}
2025-03-28 14:35:30,163 - INFO - ℹ️  INFO - Updated task stats
2025-03-28 14:35:30,163 - INFO - ℹ️  INFO - Fetching task stats... for session: 0f223d26-cc48-468a-b82b-7f1fc8d5559e
2025-03-28 14:35:30,181 - INFO - ℹ️  INFO - Received task stats response: {"code":0,"data":{"completion_percentage":0,"done":0,"failed":0,"list_failed":null,"list_result_done":[],"pending":0,"queue_size":100,"total_tasks":0}}
2025-03-28 14:35:31,561 - INFO - ℹ️  INFO - Updated task stats
2025-03-28 14:35:31,561 - INFO - ℹ️  INFO - Fetching task stats... for session: c252a4a1-bcb3-4472-8a2f-72f0c2e6299f
2025-03-28 14:35:31,578 - INFO - ℹ️  INFO - Received task stats response: {"code":0,"data":{"completion_percentage":0,"done":0,"failed":0,"list_failed":null,"list_result_done":[],"pending":0,"queue_size":100,"total_tasks":0}}
2025-03-28 14:35:35,388 - INFO - ℹ️  INFO - Updated task stats
2025-03-28 14:35:35,388 - INFO - ℹ️  INFO - Fetching task stats... for session: 30bac701-4831-4764-bf14-4860906b51c1
2025-03-28 14:35:35,407 - INFO - ℹ️  INFO - Received task stats response: {"code":0,"data":{"completion_percentage":0,"done":0,"failed":0,"list_failed":null,"list_result_done":[],"pending":0,"queue_size":100,"total_tasks":0}}
2025-03-28 14:35:36,390 - INFO - ℹ️  INFO - Updated task stats
2025-03-28 14:35:36,391 - INFO - ℹ️  INFO - Fetching task stats... for session: 68c638e5-d618-40b0-86a7-794da3aeaed8
2025-03-28 14:35:36,407 - INFO - ℹ️  INFO - Received task stats response: {"code":0,"data":{"completion_percentage":0,"done":0,"failed":0,"list_failed":null,"list_result_done":[],"pending":0,"queue_size":100,"total_tasks":0}}
2025-03-28 14:35:37,184 - INFO - ℹ️  INFO - Updated task stats
2025-03-28 14:35:37,184 - INFO - ℹ️  INFO - Fetching task stats... for session: 0f223d26-cc48-468a-b82b-7f1fc8d5559e
2025-03-28 14:35:37,211 - INFO - ℹ️  INFO - Received task stats response: {"code":0,"data":{"completion_percentage":0,"done":0,"failed":0,"list_failed":null,"list_result_done":[],"pending":0,"queue_size":100,"total_tasks":0}}
2025-03-28 14:35:38,580 - INFO - ℹ️  INFO - Updated task stats
2025-03-28 14:35:38,581 - INFO - ℹ️  INFO - Fetching task stats... for session: c252a4a1-bcb3-4472-8a2f-72f0c2e6299f
2025-03-28 14:35:38,596 - INFO - ℹ️  INFO - Received task stats response: {"code":0,"data":{"completion_percentage":0,"done":0,"failed":0,"list_failed":null,"list_result_done":[],"pending":0,"queue_size":100,"total_tasks":0}}
2025-03-28 14:35:42,409 - INFO - ℹ️  INFO - Updated task stats
2025-03-28 14:35:42,409 - INFO - ℹ️  INFO - Fetching task stats... for session: 30bac701-4831-4764-bf14-4860906b51c1
2025-03-28 14:35:42,426 - INFO - ℹ️  INFO - Received task stats response: {"code":0,"data":{"completion_percentage":0,"done":0,"failed":0,"list_failed":null,"list_result_done":[],"pending":0,"queue_size":100,"total_tasks":0}}
2025-03-28 14:35:43,409 - INFO - ℹ️  INFO - Updated task stats
2025-03-28 14:35:43,410 - INFO - ℹ️  INFO - Fetching task stats... for session: 68c638e5-d618-40b0-86a7-794da3aeaed8
2025-03-28 14:35:43,440 - INFO - ℹ️  INFO - Received task stats response: {"code":0,"data":{"completion_percentage":0,"done":0,"failed":0,"list_failed":null,"list_result_done":[],"pending":0,"queue_size":100,"total_tasks":0}}
2025-03-28 14:35:44,214 - INFO - ℹ️  INFO - Updated task stats
2025-03-28 14:35:44,214 - INFO - ℹ️  INFO - Fetching task stats... for session: 0f223d26-cc48-468a-b82b-7f1fc8d5559e
2025-03-28 14:35:44,232 - INFO - ℹ️  INFO - Received task stats response: {"code":0,"data":{"completion_percentage":0,"done":0,"failed":0,"list_failed":null,"list_result_done":[],"pending":0,"queue_size":100,"total_tasks":0}}
2025-03-28 14:35:45,598 - INFO - ℹ️  INFO - Updated task stats
2025-03-28 14:35:45,599 - INFO - ℹ️  INFO - Fetching task stats... for session: c252a4a1-bcb3-4472-8a2f-72f0c2e6299f
2025-03-28 14:35:45,622 - INFO - ℹ️  INFO - Received task stats response: {"code":0,"data":{"completion_percentage":0,"done":0,"failed":0,"list_failed":null,"list_result_done":[],"pending":0,"queue_size":100,"total_tasks":0}}
2025-03-28 14:35:49,428 - INFO - ℹ️  INFO - Updated task stats
2025-03-28 14:35:49,429 - INFO - ℹ️  INFO - Fetching task stats... for session: 30bac701-4831-4764-bf14-4860906b51c1
2025-03-28 14:35:49,451 - INFO - ℹ️  INFO - Received task stats response: {"code":0,"data":{"completion_percentage":0,"done":0,"failed":0,"list_failed":null,"list_result_done":[],"pending":0,"queue_size":100,"total_tasks":0}}
2025-03-28 14:35:50,442 - INFO - ℹ️  INFO - Updated task stats
2025-03-28 14:35:50,442 - INFO - ℹ️  INFO - Fetching task stats... for session: 68c638e5-d618-40b0-86a7-794da3aeaed8
2025-03-28 14:35:50,458 - INFO - ℹ️  INFO - Received task stats response: {"code":0,"data":{"completion_percentage":0,"done":0,"failed":0,"list_failed":null,"list_result_done":[],"pending":0,"queue_size":100,"total_tasks":0}}
2025-03-28 14:35:51,235 - INFO - ℹ️  INFO - Updated task stats
2025-03-28 14:35:51,236 - INFO - ℹ️  INFO - Fetching task stats... for session: 0f223d26-cc48-468a-b82b-7f1fc8d5559e
2025-03-28 14:35:51,253 - INFO - ℹ️  INFO - Received task stats response: {"code":0,"data":{"completion_percentage":0,"done":0,"failed":0,"list_failed":null,"list_result_done":[],"pending":0,"queue_size":100,"total_tasks":0}}
2025-03-28 14:35:52,625 - INFO - ℹ️  INFO - Updated task stats
2025-03-28 14:35:52,625 - INFO - ℹ️  INFO - Fetching task stats... for session: c252a4a1-bcb3-4472-8a2f-72f0c2e6299f
2025-03-28 14:35:52,642 - INFO - ℹ️  INFO - Received task stats response: {"code":0,"data":{"completion_percentage":0,"done":0,"failed":0,"list_failed":null,"list_result_done":[],"pending":0,"queue_size":100,"total_tasks":0}}
2025-03-28 14:35:56,453 - INFO - ℹ️  INFO - Updated task stats
2025-03-28 14:35:56,453 - INFO - ℹ️  INFO - Fetching task stats... for session: 30bac701-4831-4764-bf14-4860906b51c1
2025-03-28 14:35:56,473 - INFO - ℹ️  INFO - Received task stats response: {"code":0,"data":{"completion_percentage":0,"done":0,"failed":0,"list_failed":null,"list_result_done":[],"pending":0,"queue_size":100,"total_tasks":0}}
2025-03-28 14:35:57,460 - INFO - ℹ️  INFO - Updated task stats
2025-03-28 14:35:57,460 - INFO - ℹ️  INFO - Fetching task stats... for session: 68c638e5-d618-40b0-86a7-794da3aeaed8
2025-03-28 14:35:57,475 - INFO - ℹ️  INFO - Received task stats response: {"code":0,"data":{"completion_percentage":0,"done":0,"failed":0,"list_failed":null,"list_result_done":[],"pending":0,"queue_size":100,"total_tasks":0}}
2025-03-28 14:35:58,256 - INFO - ℹ️  INFO - Updated task stats
2025-03-28 14:35:58,256 - INFO - ℹ️  INFO - Fetching task stats... for session: 0f223d26-cc48-468a-b82b-7f1fc8d5559e
2025-03-28 14:35:58,276 - INFO - ℹ️  INFO - Received task stats response: {"code":0,"data":{"completion_percentage":0,"done":0,"failed":0,"list_failed":null,"list_result_done":[],"pending":0,"queue_size":100,"total_tasks":0}}
2025-03-28 14:35:59,644 - INFO - ℹ️  INFO - Updated task stats
2025-03-28 14:35:59,644 - INFO - ℹ️  INFO - Fetching task stats... for session: c252a4a1-bcb3-4472-8a2f-72f0c2e6299f
2025-03-28 14:35:59,662 - INFO - ℹ️  INFO - Received task stats response: {"code":0,"data":{"completion_percentage":0,"done":0,"failed":0,"list_failed":null,"list_result_done":[],"pending":0,"queue_size":100,"total_tasks":0}}
2025-03-28 14:36:02,417 - INFO - ℹ️  INFO - New chat session starting
2025-03-28 14:36:02,417 - INFO - ℹ️  INFO - Created user_id: c065716a-e5f4-4956-99d7-1a32b84e5cfe, session_id: 9f9d49fc-18be-4230-8531-5e8e9ae1fc0b
2025-03-28 14:36:02,417 - INFO - ℹ️  INFO - Forced token refresh for RX Supervisor on session start
2025-03-28 14:36:02,427 - INFO - ℹ️  INFO - Chat session started successfully
2025-03-28 14:36:02,429 - INFO - ℹ️  INFO - Initialized sidebar with empty progress bar
2025-03-28 14:36:02,429 - INFO - ℹ️  INFO - Started background task for updating task statistics
2025-03-28 14:36:02,429 - INFO - ℹ️  INFO - Fetching task stats... for session: 9f9d49fc-18be-4230-8531-5e8e9ae1fc0b
2025-03-28 14:36:02,464 - INFO - ℹ️  INFO - Received task stats response: {"code":0,"data":{"completion_percentage":0,"done":0,"failed":0,"list_failed":null,"list_result_done":[],"pending":0,"queue_size":100,"total_tasks":0}}
2025-03-28 14:36:03,475 - INFO - ℹ️  INFO - Updated task stats
2025-03-28 14:36:03,475 - INFO - ℹ️  INFO - Fetching task stats... for session: 30bac701-4831-4764-bf14-4860906b51c1
2025-03-28 14:36:03,501 - INFO - ℹ️  INFO - Received task stats response: {"code":0,"data":{"completion_percentage":0,"done":0,"failed":0,"list_failed":null,"list_result_done":[],"pending":0,"queue_size":100,"total_tasks":0}}
2025-03-28 14:36:04,478 - INFO - ℹ️  INFO - Updated task stats
2025-03-28 14:36:04,479 - INFO - ℹ️  INFO - Fetching task stats... for session: 68c638e5-d618-40b0-86a7-794da3aeaed8
2025-03-28 14:36:04,497 - INFO - ℹ️  INFO - Received task stats response: {"code":0,"data":{"completion_percentage":0,"done":0,"failed":0,"list_failed":null,"list_result_done":[],"pending":0,"queue_size":100,"total_tasks":0}}
2025-03-28 14:36:05,279 - INFO - ℹ️  INFO - Updated task stats
2025-03-28 14:36:05,280 - INFO - ℹ️  INFO - Fetching task stats... for session: 0f223d26-cc48-468a-b82b-7f1fc8d5559e
2025-03-28 14:36:05,301 - INFO - ℹ️  INFO - Received task stats response: {"code":0,"data":{"completion_percentage":0,"done":0,"failed":0,"list_failed":null,"list_result_done":[],"pending":0,"queue_size":100,"total_tasks":0}}
2025-03-28 14:36:06,665 - INFO - ℹ️  INFO - Updated task stats
2025-03-28 14:36:06,666 - INFO - ℹ️  INFO - Fetching task stats... for session: c252a4a1-bcb3-4472-8a2f-72f0c2e6299f
2025-03-28 14:36:06,683 - INFO - ℹ️  INFO - Received task stats response: {"code":0,"data":{"completion_percentage":0,"done":0,"failed":0,"list_failed":null,"list_result_done":[],"pending":0,"queue_size":100,"total_tasks":0}}
2025-03-28 14:36:09,466 - INFO - ℹ️  INFO - Updated task stats
2025-03-28 14:36:09,466 - INFO - ℹ️  INFO - Fetching task stats... for session: 9f9d49fc-18be-4230-8531-5e8e9ae1fc0b
2025-03-28 14:36:09,488 - INFO - ℹ️  INFO - Received task stats response: {"code":0,"data":{"completion_percentage":0,"done":0,"failed":0,"list_failed":null,"list_result_done":[],"pending":0,"queue_size":100,"total_tasks":0}}
2025-03-28 14:36:10,504 - INFO - ℹ️  INFO - Updated task stats
2025-03-28 14:36:10,504 - INFO - ℹ️  INFO - Fetching task stats... for session: 30bac701-4831-4764-bf14-4860906b51c1
2025-03-28 14:36:10,526 - INFO - ℹ️  INFO - Received task stats response: {"code":0,"data":{"completion_percentage":0,"done":0,"failed":0,"list_failed":null,"list_result_done":[],"pending":0,"queue_size":100,"total_tasks":0}}
2025-03-28 14:36:11,499 - INFO - ℹ️  INFO - Updated task stats
2025-03-28 14:36:11,499 - INFO - ℹ️  INFO - Fetching task stats... for session: 68c638e5-d618-40b0-86a7-794da3aeaed8
2025-03-28 14:36:11,516 - INFO - ℹ️  INFO - Received task stats response: {"code":0,"data":{"completion_percentage":0,"done":0,"failed":0,"list_failed":null,"list_result_done":[],"pending":0,"queue_size":100,"total_tasks":0}}
2025-03-28 14:36:12,304 - INFO - ℹ️  INFO - Updated task stats
2025-03-28 14:36:12,304 - INFO - ℹ️  INFO - Fetching task stats... for session: 0f223d26-cc48-468a-b82b-7f1fc8d5559e
2025-03-28 14:36:12,325 - INFO - ℹ️  INFO - Received task stats response: {"code":0,"data":{"completion_percentage":0,"done":0,"failed":0,"list_failed":null,"list_result_done":[],"pending":0,"queue_size":100,"total_tasks":0}}
2025-03-28 14:36:13,686 - INFO - ℹ️  INFO - Updated task stats
2025-03-28 14:36:13,686 - INFO - ℹ️  INFO - Fetching task stats... for session: c252a4a1-bcb3-4472-8a2f-72f0c2e6299f
2025-03-28 14:36:13,702 - INFO - ℹ️  INFO - Received task stats response: {"code":0,"data":{"completion_percentage":0,"done":0,"failed":0,"list_failed":null,"list_result_done":[],"pending":0,"queue_size":100,"total_tasks":0}}
2025-03-28 14:36:16,490 - INFO - ℹ️  INFO - Updated task stats
2025-03-28 14:36:16,491 - INFO - ℹ️  INFO - Fetching task stats... for session: 9f9d49fc-18be-4230-8531-5e8e9ae1fc0b
2025-03-28 14:36:16,506 - INFO - ℹ️  INFO - Received task stats response: {"code":0,"data":{"completion_percentage":0,"done":0,"failed":0,"list_failed":null,"list_result_done":[],"pending":0,"queue_size":100,"total_tasks":0}}
2025-03-28 14:36:17,529 - INFO - ℹ️  INFO - Updated task stats
2025-03-28 14:36:17,529 - INFO - ℹ️  INFO - Fetching task stats... for session: 30bac701-4831-4764-bf14-4860906b51c1
2025-03-28 14:36:17,553 - INFO - ℹ️  INFO - Received task stats response: {"code":0,"data":{"completion_percentage":0,"done":0,"failed":0,"list_failed":null,"list_result_done":[],"pending":0,"queue_size":100,"total_tasks":0}}
2025-03-28 14:36:18,519 - INFO - ℹ️  INFO - Updated task stats
2025-03-28 14:36:18,519 - INFO - ℹ️  INFO - Fetching task stats... for session: 68c638e5-d618-40b0-86a7-794da3aeaed8
2025-03-28 14:36:18,573 - INFO - ℹ️  INFO - Received task stats response: {"code":0,"data":{"completion_percentage":0,"done":0,"failed":0,"list_failed":null,"list_result_done":[],"pending":0,"queue_size":100,"total_tasks":0}}
2025-03-28 14:36:19,328 - INFO - ℹ️  INFO - Updated task stats
2025-03-28 14:36:19,328 - INFO - ℹ️  INFO - Fetching task stats... for session: 0f223d26-cc48-468a-b82b-7f1fc8d5559e
2025-03-28 14:36:19,344 - INFO - ℹ️  INFO - Received task stats response: {"code":0,"data":{"completion_percentage":0,"done":0,"failed":0,"list_failed":null,"list_result_done":[],"pending":0,"queue_size":100,"total_tasks":0}}
2025-03-28 14:36:20,704 - INFO - ℹ️  INFO - Updated task stats
2025-03-28 14:36:20,704 - INFO - ℹ️  INFO - Fetching task stats... for session: c252a4a1-bcb3-4472-8a2f-72f0c2e6299f
2025-03-28 14:36:20,726 - INFO - ℹ️  INFO - Received task stats response: {"code":0,"data":{"completion_percentage":0,"done":0,"failed":0,"list_failed":null,"list_result_done":[],"pending":0,"queue_size":100,"total_tasks":0}}
2025-03-28 14:36:23,509 - INFO - ℹ️  INFO - Updated task stats
2025-03-28 14:36:23,509 - INFO - ℹ️  INFO - Fetching task stats... for session: 9f9d49fc-18be-4230-8531-5e8e9ae1fc0b
2025-03-28 14:36:23,529 - INFO - ℹ️  INFO - Received task stats response: {"code":0,"data":{"completion_percentage":0,"done":0,"failed":0,"list_failed":null,"list_result_done":[],"pending":0,"queue_size":100,"total_tasks":0}}
2025-03-28 14:36:24,554 - INFO - ℹ️  INFO - Updated task stats
2025-03-28 14:36:24,555 - INFO - ℹ️  INFO - Fetching task stats... for session: 30bac701-4831-4764-bf14-4860906b51c1
2025-03-28 14:36:24,572 - INFO - ℹ️  INFO - Received task stats response: {"code":0,"data":{"completion_percentage":0,"done":0,"failed":0,"list_failed":null,"list_result_done":[],"pending":0,"queue_size":100,"total_tasks":0}}
2025-03-28 14:36:25,576 - INFO - ℹ️  INFO - Updated task stats
2025-03-28 14:36:25,576 - INFO - ℹ️  INFO - Fetching task stats... for session: 68c638e5-d618-40b0-86a7-794da3aeaed8
2025-03-28 14:36:25,596 - INFO - ℹ️  INFO - Received task stats response: {"code":0,"data":{"completion_percentage":0,"done":0,"failed":0,"list_failed":null,"list_result_done":[],"pending":0,"queue_size":100,"total_tasks":0}}
2025-03-28 14:36:26,346 - INFO - ℹ️  INFO - Updated task stats
2025-03-28 14:36:26,346 - INFO - ℹ️  INFO - Fetching task stats... for session: 0f223d26-cc48-468a-b82b-7f1fc8d5559e
2025-03-28 14:36:26,365 - INFO - ℹ️  INFO - Received task stats response: {"code":0,"data":{"completion_percentage":0,"done":0,"failed":0,"list_failed":null,"list_result_done":[],"pending":0,"queue_size":100,"total_tasks":0}}
2025-03-28 14:36:27,728 - INFO - ℹ️  INFO - Updated task stats
2025-03-28 14:36:27,728 - INFO - ℹ️  INFO - Fetching task stats... for session: c252a4a1-bcb3-4472-8a2f-72f0c2e6299f
2025-03-28 14:36:27,747 - INFO - ℹ️  INFO - Received task stats response: {"code":0,"data":{"completion_percentage":0,"done":0,"failed":0,"list_failed":null,"list_result_done":[],"pending":0,"queue_size":100,"total_tasks":0}}
2025-03-28 14:36:30,532 - INFO - ℹ️  INFO - Updated task stats
2025-03-28 14:36:30,532 - INFO - ℹ️  INFO - Fetching task stats... for session: 9f9d49fc-18be-4230-8531-5e8e9ae1fc0b
2025-03-28 14:36:30,548 - INFO - ℹ️  INFO - Received task stats response: {"code":0,"data":{"completion_percentage":0,"done":0,"failed":0,"list_failed":null,"list_result_done":[],"pending":0,"queue_size":100,"total_tasks":0}}
2025-03-28 14:36:31,574 - INFO - ℹ️  INFO - Updated task stats
2025-03-28 14:36:31,575 - INFO - ℹ️  INFO - Fetching task stats... for session: 30bac701-4831-4764-bf14-4860906b51c1
2025-03-28 14:36:31,595 - INFO - ℹ️  INFO - Received task stats response: {"code":0,"data":{"completion_percentage":0,"done":0,"failed":0,"list_failed":null,"list_result_done":[],"pending":0,"queue_size":100,"total_tasks":0}}
2025-03-28 14:36:32,599 - INFO - ℹ️  INFO - Updated task stats
2025-03-28 14:36:32,599 - INFO - ℹ️  INFO - Fetching task stats... for session: 68c638e5-d618-40b0-86a7-794da3aeaed8
2025-03-28 14:36:32,615 - INFO - ℹ️  INFO - Received task stats response: {"code":0,"data":{"completion_percentage":0,"done":0,"failed":0,"list_failed":null,"list_result_done":[],"pending":0,"queue_size":100,"total_tasks":0}}
2025-03-28 14:36:33,369 - INFO - ℹ️  INFO - Updated task stats
2025-03-28 14:36:33,369 - INFO - ℹ️  INFO - Fetching task stats... for session: 0f223d26-cc48-468a-b82b-7f1fc8d5559e
2025-03-28 14:36:33,391 - INFO - ℹ️  INFO - Received task stats response: {"code":0,"data":{"completion_percentage":0,"done":0,"failed":0,"list_failed":null,"list_result_done":[],"pending":0,"queue_size":100,"total_tasks":0}}
2025-03-28 14:36:34,749 - INFO - ℹ️  INFO - Updated task stats
2025-03-28 14:36:34,749 - INFO - ℹ️  INFO - Fetching task stats... for session: c252a4a1-bcb3-4472-8a2f-72f0c2e6299f
2025-03-28 14:36:34,764 - INFO - ℹ️  INFO - Received task stats response: {"code":0,"data":{"completion_percentage":0,"done":0,"failed":0,"list_failed":null,"list_result_done":[],"pending":0,"queue_size":100,"total_tasks":0}}
2025-03-28 14:36:37,551 - INFO - ℹ️  INFO - Updated task stats
2025-03-28 14:36:37,551 - INFO - ℹ️  INFO - Fetching task stats... for session: 9f9d49fc-18be-4230-8531-5e8e9ae1fc0b
2025-03-28 14:36:37,570 - INFO - ℹ️  INFO - Received task stats response: {"code":0,"data":{"completion_percentage":0,"done":0,"failed":0,"list_failed":null,"list_result_done":[],"pending":0,"queue_size":100,"total_tasks":0}}
2025-03-28 14:36:38,597 - INFO - ℹ️  INFO - Updated task stats
2025-03-28 14:36:38,597 - INFO - ℹ️  INFO - Fetching task stats... for session: 30bac701-4831-4764-bf14-4860906b51c1
2025-03-28 14:36:38,624 - INFO - ℹ️  INFO - Received task stats response: {"code":0,"data":{"completion_percentage":0,"done":0,"failed":0,"list_failed":null,"list_result_done":[],"pending":0,"queue_size":100,"total_tasks":0}}
2025-03-28 14:36:39,617 - INFO - ℹ️  INFO - Updated task stats
2025-03-28 14:36:39,618 - INFO - ℹ️  INFO - Fetching task stats... for session: 68c638e5-d618-40b0-86a7-794da3aeaed8
2025-03-28 14:36:39,647 - INFO - ℹ️  INFO - Received task stats response: {"code":0,"data":{"completion_percentage":0,"done":0,"failed":0,"list_failed":null,"list_result_done":[],"pending":0,"queue_size":100,"total_tasks":0}}
2025-03-28 14:36:40,395 - INFO - ℹ️  INFO - Updated task stats
2025-03-28 14:36:40,395 - INFO - ℹ️  INFO - Fetching task stats... for session: 0f223d26-cc48-468a-b82b-7f1fc8d5559e
2025-03-28 14:36:40,413 - INFO - ℹ️  INFO - Received task stats response: {"code":0,"data":{"completion_percentage":0,"done":0,"failed":0,"list_failed":null,"list_result_done":[],"pending":0,"queue_size":100,"total_tasks":0}}
2025-03-28 14:36:41,766 - INFO - ℹ️  INFO - Updated task stats
2025-03-28 14:36:41,767 - INFO - ℹ️  INFO - Fetching task stats... for session: c252a4a1-bcb3-4472-8a2f-72f0c2e6299f
2025-03-28 14:36:41,783 - INFO - ℹ️  INFO - Received task stats response: {"code":0,"data":{"completion_percentage":0,"done":0,"failed":0,"list_failed":null,"list_result_done":[],"pending":0,"queue_size":100,"total_tasks":0}}
2025-03-28 14:36:44,572 - INFO - ℹ️  INFO - Updated task stats
2025-03-28 14:36:44,573 - INFO - ℹ️  INFO - Fetching task stats... for session: 9f9d49fc-18be-4230-8531-5e8e9ae1fc0b
2025-03-28 14:36:44,594 - INFO - ℹ️  INFO - Received task stats response: {"code":0,"data":{"completion_percentage":0,"done":0,"failed":0,"list_failed":null,"list_result_done":[],"pending":0,"queue_size":100,"total_tasks":0}}
2025-03-28 14:36:45,625 - INFO - ℹ️  INFO - Updated task stats
2025-03-28 14:36:45,626 - INFO - ℹ️  INFO - Fetching task stats... for session: 30bac701-4831-4764-bf14-4860906b51c1
2025-03-28 14:36:45,645 - INFO - ℹ️  INFO - Received task stats response: {"code":0,"data":{"completion_percentage":0,"done":0,"failed":0,"list_failed":null,"list_result_done":[],"pending":0,"queue_size":100,"total_tasks":0}}
2025-03-28 14:36:46,649 - INFO - ℹ️  INFO - Updated task stats
2025-03-28 14:36:46,649 - INFO - ℹ️  INFO - Fetching task stats... for session: 68c638e5-d618-40b0-86a7-794da3aeaed8
2025-03-28 14:36:46,664 - INFO - ℹ️  INFO - Received task stats response: {"code":0,"data":{"completion_percentage":0,"done":0,"failed":0,"list_failed":null,"list_result_done":[],"pending":0,"queue_size":100,"total_tasks":0}}
2025-03-28 14:36:47,416 - INFO - ℹ️  INFO - Updated task stats
2025-03-28 14:36:47,416 - INFO - ℹ️  INFO - Fetching task stats... for session: 0f223d26-cc48-468a-b82b-7f1fc8d5559e
2025-03-28 14:36:47,439 - INFO - ℹ️  INFO - Received task stats response: {"code":0,"data":{"completion_percentage":0,"done":0,"failed":0,"list_failed":null,"list_result_done":[],"pending":0,"queue_size":100,"total_tasks":0}}
2025-03-28 14:36:48,785 - INFO - ℹ️  INFO - Updated task stats
2025-03-28 14:36:48,786 - INFO - ℹ️  INFO - Fetching task stats... for session: c252a4a1-bcb3-4472-8a2f-72f0c2e6299f
2025-03-28 14:36:48,801 - INFO - ℹ️  INFO - Received task stats response: {"code":0,"data":{"completion_percentage":0,"done":0,"failed":0,"list_failed":null,"list_result_done":[],"pending":0,"queue_size":100,"total_tasks":0}}
2025-03-28 14:36:51,597 - INFO - ℹ️  INFO - Updated task stats
2025-03-28 14:36:51,597 - INFO - ℹ️  INFO - Fetching task stats... for session: 9f9d49fc-18be-4230-8531-5e8e9ae1fc0b
2025-03-28 14:36:51,620 - INFO - ℹ️  INFO - Received task stats response: {"code":0,"data":{"completion_percentage":0,"done":0,"failed":0,"list_failed":null,"list_result_done":[],"pending":0,"queue_size":100,"total_tasks":0}}
2025-03-28 14:36:52,648 - INFO - ℹ️  INFO - Updated task stats
2025-03-28 14:36:52,648 - INFO - ℹ️  INFO - Fetching task stats... for session: 30bac701-4831-4764-bf14-4860906b51c1
2025-03-28 14:36:52,669 - INFO - ℹ️  INFO - Received task stats response: {"code":0,"data":{"completion_percentage":0,"done":0,"failed":0,"list_failed":null,"list_result_done":[],"pending":0,"queue_size":100,"total_tasks":0}}
2025-03-28 14:36:53,668 - INFO - ℹ️  INFO - Updated task stats
2025-03-28 14:36:53,668 - INFO - ℹ️  INFO - Fetching task stats... for session: 68c638e5-d618-40b0-86a7-794da3aeaed8
2025-03-28 14:36:53,688 - INFO - ℹ️  INFO - Received task stats response: {"code":0,"data":{"completion_percentage":0,"done":0,"failed":0,"list_failed":null,"list_result_done":[],"pending":0,"queue_size":100,"total_tasks":0}}
2025-03-28 14:36:54,441 - INFO - ℹ️  INFO - Updated task stats
2025-03-28 14:36:54,442 - INFO - ℹ️  INFO - Fetching task stats... for session: 0f223d26-cc48-468a-b82b-7f1fc8d5559e
2025-03-28 14:36:54,458 - INFO - ℹ️  INFO - Received task stats response: {"code":0,"data":{"completion_percentage":0,"done":0,"failed":0,"list_failed":null,"list_result_done":[],"pending":0,"queue_size":100,"total_tasks":0}}
2025-03-28 14:36:55,804 - INFO - ℹ️  INFO - Updated task stats
2025-03-28 14:36:55,804 - INFO - ℹ️  INFO - Fetching task stats... for session: c252a4a1-bcb3-4472-8a2f-72f0c2e6299f
2025-03-28 14:36:55,826 - INFO - ℹ️  INFO - Received task stats response: {"code":0,"data":{"completion_percentage":0,"done":0,"failed":0,"list_failed":null,"list_result_done":[],"pending":0,"queue_size":100,"total_tasks":0}}
2025-03-28 14:36:58,624 - INFO - ℹ️  INFO - Updated task stats
2025-03-28 14:36:58,624 - INFO - ℹ️  INFO - Fetching task stats... for session: 9f9d49fc-18be-4230-8531-5e8e9ae1fc0b
2025-03-28 14:36:58,644 - INFO - ℹ️  INFO - Received task stats response: {"code":0,"data":{"completion_percentage":0,"done":0,"failed":0,"list_failed":null,"list_result_done":[],"pending":0,"queue_size":100,"total_tasks":0}}
2025-03-28 14:36:59,671 - INFO - ℹ️  INFO - Updated task stats
2025-03-28 14:36:59,671 - INFO - ℹ️  INFO - Fetching task stats... for session: 30bac701-4831-4764-bf14-4860906b51c1
2025-03-28 14:36:59,689 - INFO - ℹ️  INFO - Received task stats response: {"code":0,"data":{"completion_percentage":0,"done":0,"failed":0,"list_failed":null,"list_result_done":[],"pending":0,"queue_size":100,"total_tasks":0}}
2025-03-28 14:37:00,691 - INFO - ℹ️  INFO - Updated task stats
2025-03-28 14:37:00,692 - INFO - ℹ️  INFO - Fetching task stats... for session: 68c638e5-d618-40b0-86a7-794da3aeaed8
2025-03-28 14:37:00,708 - INFO - ℹ️  INFO - Received task stats response: {"code":0,"data":{"completion_percentage":0,"done":0,"failed":0,"list_failed":null,"list_result_done":[],"pending":0,"queue_size":100,"total_tasks":0}}
2025-03-28 14:37:01,461 - INFO - ℹ️  INFO - Updated task stats
2025-03-28 14:37:01,461 - INFO - ℹ️  INFO - Fetching task stats... for session: 0f223d26-cc48-468a-b82b-7f1fc8d5559e
2025-03-28 14:37:01,478 - INFO - ℹ️  INFO - Received task stats response: {"code":0,"data":{"completion_percentage":0,"done":0,"failed":0,"list_failed":null,"list_result_done":[],"pending":0,"queue_size":100,"total_tasks":0}}
